Matlab Timestamp,Data 1,Data 2
63524.22709,368,736
63524.22709,355,836
63524.22709,359,832
63524.22709,362,832
63524.22709,358,836
63524.22709,354,832
63524.22709,360,836
63524.22709,361,832
63524.22709,367,832
63524.22709,366,836
63524.22709,355,832
63524.22709,347,832
63524.22709,346,836
63524.22709,353,832
63524.23017,357,832
63524.23017,362,836
63524.23017,365,832
63524.23017,363,832
63524.23017,361,836
63524.23017,372,832
63524.23017,379,832
63524.23017,379,836
63524.23017,372,832
63524.23017,367,832
63524.23017,367,836
63524.23017,363,832
63524.23017,356,832
63524.23017,363,836
63524.23017,370,832
63524.23017,373,832
63524.2405,361,836
63524.2405,362,832
63524.2405,361,832
63524.2405,358,836
63524.2405,357,832
63524.2405,354,832
63524.2405,345,836
63524.2405,335,832
63524.2405,327,836
63524.2405,330,832
63524.2405,338,832
63524.2405,345,836
63524.2405,347,832
63524.2405,351,832
63524.2405,354,836
63524.2405,346,832
63524.25465,337,832
63524.25465,334,836
63524.25465,334,832
63524.25465,338,832
63524.25465,341,836
63524.25465,344,832
63524.25465,353,832
63524.25465,353,836
63524.25465,355,832
63524.25465,364,832
63524.25465,379,836
63524.25465,377,832
63524.25465,375,832
63524.25465,366,836
63524.25465,371,832
63524.25465,372,832
63524.26725,363,836
63524.26725,365,832
63524.26725,368,832
63524.26725,369,836
63524.26725,372,832
63524.26725,368,832
63524.26725,366,836
63524.26725,361,832
63524.26725,359,836
63524.26725,357,832
63524.26725,352,832
63524.26725,349,836
63524.26725,352,832
63524.26725,360,832
63524.26725,368,836
63524.26725,370,832
63524.27867,372,832
63524.27867,374,836
63524.27867,378,832
63524.27867,379,832
63524.27867,382,836
63524.27867,381,832
63524.27867,376,832
63524.27867,372,836
63524.27867,366,832
63524.27867,364,832
63524.27867,364,836
63524.27867,359,832
63524.27867,355,832
63524.27867,355,836
63524.27867,356,832
63524.27867,363,832
63524.29126,367,836
63524.29126,371,832
63524.29126,373,832
63524.29126,385,836
63524.29126,387,832
63524.29126,395,832
63524.29126,391,836
63524.29126,384,832
63524.29126,375,836
63524.29126,381,832
63524.29126,391,832
63524.29126,400,836
63524.29126,392,832
63524.29126,387,832
63524.29126,380,836
63524.29126,371,832
63524.30775,369,832
63524.30775,377,836
63524.30775,385,832
63524.30775,383,832
63524.30775,388,836
63524.30775,393,832
63524.30775,392,832
63524.30775,396,836
63524.30775,399,832
63524.30775,389,832
63524.30775,378,836
63524.30775,375,832
63524.30775,379,832
63524.30775,381,836
63524.30775,384,832
63524.30775,389,832
63524.3204,390,836
63524.3204,381,832
63524.3204,381,832
63524.3204,382,836
63524.3204,379,832
63524.3204,372,832
63524.3204,372,836
63524.3204,376,832
63524.3204,382,832
63524.3204,373,836
63524.3204,369,832
63524.3204,372,836
63524.3204,379,832
63524.3204,386,832
63524.3204,389,836
63524.3204,385,832
63524.33191,387,832
63524.33191,392,836
63524.33191,390,832
63524.33191,380,832
63524.33191,378,836
63524.33191,377,832
63524.33191,378,832
63524.33191,376,836
63524.33191,371,832
63524.33191,373,832
63524.33191,373,836
63524.33191,378,832
63524.33191,380,832
63524.33191,384,836
63524.33191,375,832
63524.33191,377,832
63524.34859,376,836
63524.34859,377,832
63524.34859,375,832
63524.34859,377,836
63524.34859,380,832
63524.34859,386,832
63524.34859,382,836
63524.34859,383,832
63524.34859,381,836
63524.34859,379,832
63524.34859,377,832
63524.34859,380,836
63524.34859,381,832
63524.34859,391,832
63524.34859,402,836
63524.34859,408,832
63524.36119,398,832
63524.36119,393,836
63524.36119,390,832
63524.36119,394,832
63524.36119,399,836
63524.36119,399,832
63524.36119,399,832
63524.36119,402,836
63524.36119,400,832
63524.36119,399,832
63524.36119,401,836
63524.36119,399,832
63524.36119,388,832
63524.36119,392,836
63524.36119,397,832
63524.36119,396,832
63524.37253,393,836
63524.37253,383,832
63524.37253,379,832
63524.37253,381,836
63524.37253,396,832
63524.37253,400,832
63524.37253,408,836
63524.37253,407,832
63524.37253,407,832
63524.37253,396,836
63524.37253,392,832
63524.37253,391,836
63524.37253,388,832
63524.37253,391,832
63524.37253,398,836
63524.37253,395,832
63524.38516,391,832
63524.38516,392,836
63524.38516,399,832
63524.38516,397,832
63524.38516,395,836
63524.38516,394,832
63524.38516,400,832
63524.38516,417,836
63524.38516,426,832
63524.38516,421,832
63524.38516,419,836
63524.38516,420,832
63524.38516,422,832
63524.38516,416,836
63524.38516,403,832
63524.38516,404,832
63524.4015,414,836
63524.4015,412,832
63524.4015,406,832
63524.4015,402,836
63524.4015,395,832
63524.4015,383,832
63524.4015,381,836
63524.4015,382,832
63524.4015,392,832
63524.4015,395,836
63524.4015,399,832
63524.4015,404,836
63524.4015,409,832
63524.4015,401,832
63524.4015,396,836
63524.4015,400,832
63524.41409,406,832
63524.41409,411,836
63524.41409,407,832
63524.41409,408,832
63524.41409,408,836
63524.41409,406,832
63524.41409,409,832
63524.41409,403,836
63524.41409,403,832
63524.41409,400,832
63524.41409,399,836
63524.41409,396,832
63524.41409,399,832
63524.41409,402,836
63524.41409,403,832
63524.41409,403,832
63524.42675,402,836
63524.42675,405,832
63524.42675,408,832
63524.42675,405,836
63524.42675,405,832
63524.42675,404,832
63524.42675,404,836
63524.42675,414,832
63524.42675,413,832
63524.42675,409,836
63524.42675,417,832
63524.42675,413,836
63524.42675,402,832
63524.42675,398,832
63524.42675,399,836
63524.42675,404,832
63524.43804,412,832
63524.43804,409,836
63524.43804,403,832
63524.43804,403,832
63524.43804,406,836
63524.43804,407,832
63524.43804,409,832
63524.43804,409,836
63524.43804,412,832
63524.43804,410,832
63524.43804,408,836
63524.43804,408,832
63524.43804,409,832
63524.43804,404,836
63524.43804,400,832
63524.43804,398,832
63524.45562,401,836
63524.45562,399,832
63524.45562,404,832
63524.45562,401,836
63524.45562,398,832
63524.45562,398,832
63524.45562,401,836
63524.45562,408,832
63524.45562,415,832
63524.45562,417,836
63524.45562,413,832
63524.45562,407,836
63524.45562,402,832
63524.45562,395,832
63524.45562,397,836
63524.45562,402,832
63524.46739,407,832
63524.46739,408,836
63524.46739,411,832
63524.46739,410,832
63524.46739,408,836
63524.46739,411,832
63524.46739,419,832
63524.46739,422,836
63524.46739,417,832
63524.46739,413,832
63524.46739,416,836
63524.46739,421,832
63524.46739,425,832
63524.46739,424,836
63524.46739,419,832
63524.46739,419,832
63524.47979,426,836
63524.47979,431,832
63524.47979,431,832
63524.47979,421,836
63524.47979,415,832
63524.47979,412,832
63524.47979,411,836
63524.47979,409,832
63524.47979,408,836
63524.47979,409,832
63524.47979,416,832
63524.47979,417,836
63524.47979,419,832
63524.47979,415,832
63524.47979,414,836
63524.47979,415,832
63524.49123,414,832
63524.49123,414,836
63524.49123,420,832
63524.49123,424,832
63524.49123,426,836
63524.49123,420,832
63524.49123,420,832
63524.49123,416,836
63524.49123,420,832
63524.49123,420,832
63524.49123,423,836
63524.49123,416,832
63524.49123,416,832
63524.49123,413,836
63524.49123,413,832
63524.49123,410,832
63524.50768,410,836
63524.50768,411,832
63524.50768,414,832
63524.50768,419,836
63524.50768,416,832
63524.50768,414,832
63524.50768,413,836
63524.50768,412,832
63524.50768,415,832
63524.50768,412,836
63524.50768,413,832
63524.50768,414,836
63524.50768,417,832
63524.50768,416,832
63524.50768,419,836
63524.50768,418,832
63524.52051,417,832
63524.52051,416,836
63524.52051,412,832
63524.52051,413,832
63524.52051,417,836
63524.52051,417,832
63524.52051,419,832
63524.52051,426,836
63524.52051,431,832
63524.52051,430,832
63524.52051,431,836
63524.52051,432,832
63524.52051,436,832
63524.52051,437,836
63524.52051,432,844
63524.52051,429,820
63524.53332,426,836
63524.53332,423,832
63524.53332,423,832
63524.53332,424,836
63524.53332,429,832
63524.53332,429,832
63524.53332,424,836
63524.53332,422,832
63524.53332,420,836
63524.53332,421,832
63524.53332,425,832
63524.53332,428,836
63524.53332,430,832
63524.53332,423,832
63524.53332,421,836
63524.53332,423,832
63524.54474,421,832
63524.54474,419,836
63524.54474,423,832
63524.54474,429,832
63524.54474,434,836
63524.54474,438,832
63524.54474,440,832
63524.54474,434,836
63524.54474,432,832
63524.54474,431,832
63524.54474,432,836
63524.54474,429,832
63524.54474,429,832
63524.54474,431,836
63524.54474,431,832
63524.54474,427,832
63524.55728,427,836
63524.55728,429,832
63524.55728,430,832
63524.55728,426,836
63524.55728,427,832
63524.55728,428,832
63524.55728,431,836
63524.55728,428,832
63524.55728,426,832
63524.55728,425,836
63524.55728,423,832
63524.55728,420,836
63524.55728,423,832
63524.55728,424,832
63524.55728,426,836
63524.55728,428,832
63524.57389,427,832
63524.57389,420,836
63524.57389,417,832
63524.57389,413,832
63524.57389,415,836
63524.57389,417,832
63524.57389,419,832
63524.57389,419,836
63524.57389,418,832
63524.57389,418,832
63524.57389,420,836
63524.57389,418,832
63524.57389,420,832
63524.57389,420,836
63524.57389,420,832
63524.57389,421,832
63524.58633,423,836
63524.58633,420,832
63524.58633,418,832
63524.58633,415,836
63524.58633,417,832
63524.58633,415,832
63524.58633,414,836
63524.58633,415,832
63524.58633,418,832
63524.58633,418,836
63524.58633,420,832
63524.58633,420,836
63524.58633,421,832
63524.58633,421,832
63524.58633,421,836
63524.58633,424,832
63524.59767,424,832
63524.59767,422,836
63524.59767,420,832
63524.59767,420,832
63524.59767,422,836
63524.59767,423,832
63524.59767,419,832
63524.59767,416,836
63524.59767,417,832
63524.59767,416,832
63524.59767,419,836
63524.59767,422,832
63524.59767,424,832
63524.59767,425,836
63524.59767,427,832
63524.59767,428,832
63524.61043,431,836
63524.61043,431,832
63524.61043,428,832
63524.61043,426,836
63524.61043,423,832
63524.61043,425,832
63524.61043,425,836
63524.61043,427,832
63524.61043,428,836
63524.61043,424,832
63524.61043,421,832
63524.61043,420,836
63524.61043,422,832
63524.61043,423,832
63524.61043,424,836
63524.61043,425,832
63524.62692,427,832
63524.62692,428,836
63524.62692,422,832
63524.62692,419,832
63524.62692,422,836
63524.62692,421,832
63524.62692,424,832
63524.62692,428,836
63524.62692,431,832
63524.62692,433,832
63524.62692,432,836
63524.62692,431,832
63524.62692,432,832
63524.62692,430,836
63524.62692,429,832
63524.62692,428,832
63524.63962,426,836
63524.63962,424,832
63524.63962,428,832
63524.63962,430,836
63524.63962,433,832
63524.63962,431,832
63524.63962,431,836
63524.63962,434,832
63524.63962,434,832
63524.63962,435,836
63524.63962,435,832
63524.63962,433,836
63524.63962,427,832
63524.63962,425,832
63524.63962,423,836
63524.63962,421,832
63524.65104,423,832
63524.65104,422,836
63524.65104,421,832
63524.65104,416,832
63524.65104,412,836
63524.65104,414,832
63524.65104,414,832
63524.65104,417,836
63524.65104,418,832
63524.65104,420,832
63524.65104,423,836
63524.65104,423,832
63524.65104,424,832
63524.65104,426,836
63524.65104,426,832
63524.65104,426,832
63524.66369,428,836
63524.66369,427,832
63524.66369,430,832
63524.66369,427,836
63524.66369,426,832
63524.66369,425,832
63524.66369,424,836
63524.66369,421,832
63524.66369,419,832
63524.66369,417,836
63524.66369,420,832
63524.66369,427,836
63524.66369,431,832
63524.66369,431,832
63524.66369,429,836
63524.66369,428,832
63524.68015,431,832
63524.68015,431,836
63524.68015,431,832
63524.68015,430,832
63524.68015,429,836
63524.68015,428,832
63524.68015,428,832
63524.68015,426,836
63524.68015,427,832
63524.68015,426,832
63524.68015,422,836
63524.68015,421,832
63524.68015,416,832
63524.68015,417,836
63524.68015,420,832
63524.68015,423,832
63524.69274,426,836
63524.69274,428,832
63524.69274,430,832
63524.69274,432,836
63524.69274,432,832
63524.69274,434,832
63524.69274,434,836
63524.69274,431,832
63524.69274,427,836
63524.69274,424,832
63524.69274,420,832
63524.69274,420,836
63524.69274,421,832
63524.69274,423,832
63524.69274,423,836
63524.69274,423,832
63524.70546,423,832
63524.70546,425,836
63524.70546,427,832
63524.70546,430,832
63524.70546,438,836
63524.70546,438,832
63524.70546,434,832
63524.70546,429,836
63524.70546,427,832
63524.70546,429,832
63524.70546,430,836
63524.70546,432,832
63524.70546,432,832
63524.70546,432,836
63524.70546,431,832
63524.70546,432,832
63524.72072,432,836
63524.72072,434,832
63524.72072,433,832
63524.72072,431,836
63524.72072,428,832
63524.72072,426,832
63524.72072,425,836
63524.72072,426,832
63524.72072,427,836
63524.72072,430,832
63524.72072,433,832
63524.72072,434,836
63524.72072,436,832
63524.72072,438,832
63524.72072,438,836
63524.72072,439,832
63524.73343,437,832
63524.73343,437,836
63524.73343,437,832
63524.73343,437,832
63524.73343,436,836
63524.73343,434,832
63524.73343,432,832
63524.73343,431,836
63524.73343,430,832
63524.73343,429,832
63524.73343,432,836
63524.73343,434,832
63524.73343,436,832
63524.73343,436,836
63524.73343,436,832
63524.73343,435,832
63524.74609,434,836
63524.74609,432,832
63524.74609,432,832
63524.74609,434,836
63524.74609,433,832
63524.74609,435,832
63524.74609,437,836
63524.74609,437,832
63524.74609,437,832
63524.74609,433,836
63524.74609,430,832
63524.74609,429,836
63524.74609,429,832
63524.74609,427,832
63524.74609,428,836
63524.74609,431,832
63524.75755,435,832
63524.75755,435,836
63524.75755,437,832
63524.75755,439,832
63524.75755,442,836
63524.75755,445,832
63524.75755,446,832
63524.75755,445,836
63524.75755,441,832
63524.75755,439,832
63524.75755,436,836
63524.75755,437,832
63524.75755,437,832
63524.75755,436,836
63524.75755,438,832
63524.75755,435,832
63524.7753,433,836
63524.7753,433,832
63524.7753,436,832
63524.7753,436,836
63524.7753,438,832
63524.7753,439,832
63524.7753,440,836
63524.7753,441,832
63524.7753,440,836
63524.7753,440,832
63524.7753,439,832
63524.7753,439,836
63524.7753,440,832
63524.7753,441,832
63524.7753,440,836
63524.7753,442,832
63524.78645,440,832
63524.78645,440,836
63524.78645,440,832
63524.78645,439,832
63524.78645,440,836
63524.78645,439,832
63524.78645,440,832
63524.78645,440,836
63524.78645,442,832
63524.78645,442,832
63524.78645,443,836
63524.78645,444,832
63524.78645,445,832
63524.78645,445,836
63524.78645,443,832
63524.78645,443,832
63524.79919,438,836
63524.79919,435,832
63524.79919,432,832
63524.79919,433,836
63524.79919,432,832
63524.79919,435,832
63524.79919,438,836
63524.79919,437,832
63524.79919,439,836
63524.79919,436,832
63524.79919,435,832
63524.79919,434,836
63524.79919,436,832
63524.79919,437,832
63524.79919,441,836
63524.79919,442,832
63524.81561,441,832
63524.81561,442,836
63524.81561,442,832
63524.81561,444,832
63524.81561,445,836
63524.81561,447,832
63524.81561,447,832
63524.81561,449,836
63524.81561,449,832
63524.81561,448,832
63524.81561,448,836
63524.81561,445,832
63524.81561,444,832
63524.81561,442,836
63524.81561,442,832
63524.81561,443,832
63524.82825,444,836
63524.82825,445,832
63524.82825,447,832
63524.82825,448,836
63524.82825,449,832
63524.82825,449,832
63524.82825,447,836
63524.82825,447,832
63524.82825,447,836
63524.82825,448,832
63524.82825,446,832
63524.82825,443,836
63524.82825,439,832
63524.82825,437,832
63524.82825,436,836
63524.82825,435,832
63524.83967,438,832
63524.83967,437,836
63524.83967,438,832
63524.83967,437,832
63524.83967,438,836
63524.83967,439,832
63524.83967,440,832
63524.83967,442,836
63524.83967,443,832
63524.83967,439,832
63524.83967,437,836
63524.83967,435,832
63524.83967,434,832
63524.83967,435,836
63524.83967,435,832
63524.83967,436,832
63524.85238,437,836
63524.85238,436,832
63524.85238,434,832
63524.85238,432,836
63524.85238,434,832
63524.85238,436,832
63524.85238,437,836
63524.85238,436,832
63524.85238,435,832
63524.85238,435,836
63524.85238,438,832
63524.85238,437,836
63524.85238,436,832
63524.85238,436,832
63524.85238,437,836
63524.85238,440,832
63524.86894,440,832
63524.86894,440,836
63524.86894,440,832
63524.86894,441,832
63524.86894,439,836
63524.86894,438,832
63524.86894,438,832
63524.86894,436,836
63524.86894,435,832
63524.86894,437,832
63524.86894,439,836
63524.86894,441,832
63524.86894,442,832
63524.86894,441,836
63524.86894,440,832
63524.86894,442,832
63524.88313,445,836
63524.88313,448,844
63524.88313,446,820
63524.88313,442,836
63524.88313,440,832
63524.88313,442,832
63524.88313,442,836
63524.88313,444,832
63524.88313,444,832
63524.88313,442,836
63524.88313,440,832
63524.88313,439,836
63524.88313,438,832
63524.88313,436,832
63524.88313,436,836
63524.88313,437,832
63524.89294,439,832
63524.89294,439,836
63524.89294,439,832
63524.89294,439,832
63524.89294,439,836
63524.89294,440,832
63524.89294,441,832
63524.89294,441,836
63524.89294,443,832
63524.89294,446,832
63524.89294,449,836
63524.89294,451,832
63524.89294,452,832
63524.89294,450,836
63524.89294,446,832
63524.89294,443,832
63524.9093,440,836
63524.9093,439,832
63524.9093,438,832
63524.9093,437,836
63524.9093,438,832
63524.9093,438,832
63524.9093,440,836
63524.9093,439,832
63524.9093,442,832
63524.9093,443,836
63524.9093,444,832
63524.9093,444,836
63524.9093,443,832
63524.9093,442,832
63524.9093,440,836
63524.9093,440,832
63524.92202,441,832
63524.92202,444,836
63524.92202,443,832
63524.92202,446,832
63524.92202,444,836
63524.92202,443,832
63524.92202,443,832
63524.92202,445,836
63524.92202,445,832
63524.92202,445,832
63524.92202,444,836
63524.92202,441,832
63524.92202,442,832
63524.92202,443,836
63524.92202,443,832
63524.92202,441,832
63524.93464,441,836
63524.93464,443,832
63524.93464,445,832
63524.93464,446,836
63524.93464,445,832
63524.93464,447,832
63524.93464,445,836
63524.93464,444,832
63524.93464,442,836
63524.93464,442,832
63524.93464,442,832
63524.93464,445,836
63524.93464,449,832
63524.93464,452,832
63524.93464,452,836
63524.93464,451,832
63524.94607,451,832
63524.94607,450,836
63524.94607,452,832
63524.94607,451,832
63524.94607,451,836
63524.94607,447,832
63524.94607,446,832
63524.94607,446,836
63524.94607,444,832
63524.94607,441,832
63524.94607,439,836
63524.94607,438,832
63524.94607,439,832
63524.94607,439,836
63524.94607,440,832
63524.94607,443,832
63524.96269,445,836
63524.96269,446,832
63524.96269,444,832
63524.96269,445,836
63524.96269,445,832
63524.96269,444,832
63524.96269,445,836
63524.96269,445,832
63524.96269,448,832
63524.96269,450,836
63524.96269,452,832
63524.96269,452,836
63524.96269,451,832
63524.96269,450,832
63524.96269,451,836
63524.96269,448,832
63524.9753,445,832
63524.9753,444,836
63524.9753,443,832
63524.9753,447,832
63524.9753,450,836
63524.9753,451,832
63524.9753,451,832
63524.9753,452,836
63524.9753,455,832
63524.9753,459,832
63524.9753,460,836
63524.9753,460,832
63524.9753,460,832
63524.9753,457,836
63524.9753,456,832
63524.9753,451,832
63524.99041,446,836
63524.99041,443,832
63524.99041,442,832
63524.99041,442,836
63524.99041,444,832
63524.99041,446,832
63524.99041,447,836
63524.99041,446,832
63524.99041,446,836
63524.99041,446,832
63524.99041,444,832
63524.99041,443,836
63524.99041,442,832
63524.99041,441,832
63524.99041,443,836
63524.99041,444,832
63525.00027,446,832
63525.00027,447,836
63525.00027,447,832
63525.00027,448,832
63525.00027,450,836
63525.00027,452,832
63525.00027,453,832
63525.00027,451,836
63525.00027,450,832
63525.00027,451,832
63525.00027,450,836
63525.00027,446,832
63525.00027,447,832
63525.00027,451,836
63525.00027,453,832
63525.00027,456,832
63525.01157,456,836
63525.01157,457,832
63525.01157,458,832
63525.01157,457,836
63525.01157,458,832
63525.01157,457,832
63525.01157,455,836
63525.01157,453,832
63525.01157,452,832
63525.01157,450,836
63525.01157,451,832
63525.01157,450,836
63525.01157,449,832
63525.01157,452,832
63525.01157,455,836
63525.01157,457,832
63525.02784,458,832
63525.02784,458,836
63525.02784,457,832
63525.02784,455,832
63525.02784,453,836
63525.02784,453,832
63525.02784,455,832
63525.02784,454,836
63525.02784,455,832
63525.02784,456,832
63525.02784,457,836
63525.02784,457,832
63525.02784,456,832
63525.02784,457,836
63525.02784,454,832
63525.02784,452,832
63525.04062,448,836
63525.04062,447,832
63525.04062,447,832
63525.04062,447,836
63525.04062,447,832
63525.04062,450,832
63525.04062,453,836
63525.04062,454,832
63525.04062,456,832
63525.04062,458,836
63525.04062,459,832
63525.04062,458,836
63525.04062,458,832
63525.04062,455,832
63525.04062,455,836
63525.04062,455,832
63525.05333,452,832
63525.05333,453,836
63525.05333,452,832
63525.05333,455,832
63525.05333,455,836
63525.05333,456,832
63525.05333,455,832
63525.05333,457,836
63525.05333,460,832
63525.05333,461,832
63525.05333,461,836
63525.05333,462,832
63525.05333,460,832
63525.05333,459,836
63525.05333,463,832
63525.05333,467,832
63525.06485,468,836
63525.06485,468,832
63525.06485,468,832
63525.06485,467,836
63525.06485,467,832
63525.06485,465,832
63525.06485,464,836
63525.06485,464,832
63525.06485,460,848
63525.06485,460,820
63525.06485,458,832
63525.06485,458,836
63525.06485,461,832
63525.06485,464,832
63525.06485,467,836
63525.06485,469,832
63525.07755,471,832
63525.07755,472,836
63525.07755,472,832
63525.07755,471,832
63525.07755,472,836
63525.07755,472,832
63525.07755,471,832
63525.07755,472,836
63525.07755,473,832
63525.07755,473,832
63525.07755,476,836
63525.07755,477,832
63525.07755,479,832
63525.07755,482,836
63525.07755,484,832
63525.07755,486,832
63525.09377,490,836
63525.09377,489,832
63525.09377,488,832
63525.09377,485,836
63525.09377,483,832
63525.09377,481,832
63525.09377,481,836
63525.09377,483,832
63525.09377,486,832
63525.09377,489,836
63525.09377,491,832
63525.09377,495,836
63525.09377,493,832
63525.09377,494,832
63525.09377,496,836
63525.09377,501,832
63525.1066,505,832
63525.1066,506,836
63525.1066,507,832
63525.1066,509,832
63525.1066,512,836
63525.1066,516,832
63525.1066,520,832
63525.1066,523,836
63525.1066,528,832
63525.1066,533,832
63525.1066,536,836
63525.1066,541,832
63525.1066,541,832
63525.1066,543,836
63525.1066,545,832
63525.1066,544,832
63525.11808,545,836
63525.11808,547,832
63525.11808,547,832
63525.11808,548,836
63525.11808,550,832
63525.11808,552,832
63525.11808,555,836
63525.11808,557,832
63525.11808,560,832
63525.11808,563,836
63525.11808,565,832
63525.11808,569,836
63525.11808,569,832
63525.11808,566,832
63525.11808,565,836
63525.11808,565,832
63525.13097,568,832
63525.13097,572,836
63525.13097,575,832
63525.13097,577,832
63525.13097,582,836
63525.13097,582,832
63525.13097,583,832
63525.13097,584,836
63525.13097,588,832
63525.13097,592,832
63525.13097,596,836
63525.13097,598,832
63525.13097,598,832
63525.13097,598,836
63525.13097,598,832
63525.13097,601,832
63525.14765,602,836
63525.14765,606,832
63525.14765,609,832
63525.14765,613,836
63525.14765,617,832
63525.14765,620,832
63525.14765,622,836
63525.14765,622,832
63525.14765,619,832
63525.14765,617,836
63525.14765,618,832
63525.14765,618,836
63525.14765,622,832
63525.14765,625,832
63525.14765,628,836
63525.14765,633,832
63525.159,636,832
63525.159,640,836
63525.159,641,832
63525.159,643,832
63525.159,644,836
63525.159,644,832
63525.159,642,832
63525.159,642,836
63525.159,642,832
63525.159,642,832
63525.159,647,836
63525.159,649,832
63525.159,652,832
63525.159,651,836
63525.159,653,832
63525.159,655,832
63525.17164,655,836
63525.17164,657,832
63525.17164,659,832
63525.17164,663,836
63525.17164,660,832
63525.17164,660,832
63525.17164,660,836
63525.17164,661,832
63525.17164,661,832
63525.17164,660,836
63525.17164,661,832
63525.17164,660,836
63525.17164,663,832
63525.17164,664,832
63525.17164,666,836
63525.17164,665,832
63525.18816,666,832
63525.18816,664,836
63525.18816,663,832
63525.18816,660,832
63525.18816,660,836
63525.18816,664,832
63525.18816,666,832
63525.18816,668,836
63525.18816,666,832
63525.18816,667,832
63525.18816,668,836
63525.18816,671,832
63525.18816,675,832
63525.18816,676,836
63525.18816,679,832
63525.18816,679,832
63525.20299,679,836
63525.20299,679,832
63525.20299,680,832
63525.20299,680,836
63525.20299,680,832
63525.20299,681,832
63525.20299,679,836
63525.20299,679,832
63525.20299,680,836
63525.20299,683,832
63525.20299,686,832
63525.20299,686,836
63525.20299,686,832
63525.20299,689,832
63525.20299,688,836
63525.20299,688,832
63525.21316,687,832
63525.21316,687,836
63525.21316,688,832
63525.21316,689,832
63525.21316,692,836
63525.21316,691,832
63525.21316,693,832
63525.21316,691,836
63525.21316,691,832
63525.21316,691,832
63525.21316,690,836
63525.21316,688,832
63525.21316,686,832
63525.21316,685,836
63525.21316,683,832
63525.21316,683,832
63525.22452,682,836
63525.22452,684,832
63525.22452,688,832
63525.22452,692,836
63525.22452,694,844
63525.22452,693,820
63525.22452,692,836
63525.22452,690,832
63525.22452,689,832
63525.22452,689,836
63525.22452,687,832
63525.22452,685,836
63525.22452,682,832
63525.22452,682,832
63525.22452,680,836
63525.22452,681,832
63525.24096,681,832
63525.24096,684,836
63525.24096,689,832
63525.24096,693,832
63525.24096,698,836
63525.24096,696,832
63525.24096,696,832
63525.24096,696,836
63525.24096,698,832
63525.24096,698,832
63525.24096,695,836
63525.24096,693,832
63525.24096,693,832
63525.24096,694,836
63525.24096,699,832
63525.24096,701,832
63525.25375,701,836
63525.25375,702,832
63525.25375,700,832
63525.25375,699,836
63525.25375,697,832
63525.25375,694,832
63525.25375,693,836
63525.25375,692,832
63525.25375,692,832
63525.25375,691,836
63525.25375,691,832
63525.25375,686,836
63525.25375,686,832
63525.25375,687,832
63525.25375,688,836
63525.25375,689,832
63525.26648,688,832
63525.26648,689,836
63525.26648,684,832
63525.26648,682,832
63525.26648,677,836
63525.26648,674,832
63525.26648,671,832
63525.26648,670,836
63525.26648,667,832
63525.26648,667,832
63525.26648,668,836
63525.26648,668,832
63525.26648,671,832
63525.26648,671,836
63525.26648,671,832
63525.26648,670,832
63525.28185,671,836
63525.28185,670,832
63525.28185,670,832
63525.28185,671,836
63525.28185,674,832
63525.28185,678,832
63525.28185,679,836
63525.28185,676,832
63525.28185,672,836
63525.28185,670,832
63525.28185,669,832
63525.28185,667,836
63525.28185,665,832
63525.28185,664,832
63525.28185,664,836
63525.28185,664,832
63525.29467,663,832
63525.29467,662,836
63525.29467,663,832
63525.29467,662,832
63525.29467,662,836
63525.29467,662,832
63525.29467,661,832
63525.29467,659,836
63525.29467,655,832
63525.29467,653,832
63525.29467,650,836
63525.29467,649,832
63525.29467,647,832
63525.29467,641,836
63525.29467,640,832
63525.29467,641,832
63525.31143,641,836
63525.31143,641,832
63525.31143,641,832
63525.31143,641,836
63525.31143,642,832
63525.31143,642,832
63525.31143,640,836
63525.31143,638,832
63525.31143,636,832
63525.31143,636,836
63525.31143,637,832
63525.31143,639,836
63525.31143,639,832
63525.31143,640,832
63525.31143,639,836
63525.31143,638,832
63525.31884,637,832
63525.31884,639,836
63525.31884,640,832
63525.31884,638,832
63525.31884,635,836
63525.31884,633,832
63525.31884,635,832
63525.31884,637,836
63525.31884,640,832
63525.31884,642,832
63525.31884,646,836
63525.31884,647,832
63525.31884,647,832
63525.31884,646,836
63525.31884,643,832
63525.31884,639,832
63525.33562,634,836
63525.33562,630,832
63525.33562,624,832
63525.33562,624,836
63525.33562,625,832
63525.33562,627,832
63525.33562,630,836
63525.33562,627,832
63525.33562,625,832
63525.33562,623,836
63525.33562,623,832
63525.33562,622,836
63525.33562,624,832
63525.33562,625,832
63525.33562,625,836
63525.33562,624,832
63525.34835,622,832
63525.34835,621,836
63525.34835,621,832
63525.34835,625,832
63525.34835,625,836
63525.34835,625,832
63525.34835,627,832
63525.34835,627,836
63525.34835,626,832
63525.34835,621,832
63525.34835,620,836
63525.34835,617,832
63525.34835,617,832
63525.34835,620,836
63525.34835,622,832
63525.34835,622,832
63525.35979,623,836
63525.35979,621,832
63525.35979,621,832
63525.35979,623,836
63525.35979,624,832
63525.35979,625,832
63525.35979,624,836
63525.35979,625,832
63525.35979,627,836
63525.35979,629,832
63525.35979,630,832
63525.35979,622,836
63525.35979,618,832
63525.35979,613,832
63525.35979,607,836
63525.35979,604,832
63525.37632,605,832
63525.37632,608,836
63525.37632,607,832
63525.37632,608,832
63525.37632,611,836
63525.37632,614,832
63525.37632,612,832
63525.37632,609,836
63525.37632,607,832
63525.37632,610,832
63525.37632,610,836
63525.37632,611,832
63525.37632,613,832
63525.37632,615,836
63525.37632,618,832
63525.37632,619,832
63525.3891,619,836
63525.3891,617,832
63525.3891,619,832
63525.3891,619,836
63525.3891,617,832
63525.3891,615,832
63525.3891,614,836
63525.3891,618,832
63525.3891,619,836
63525.3891,622,832
63525.3891,622,832
63525.3891,620,836
63525.3891,617,832
63525.3891,617,832
63525.3891,621,836
63525.3891,620,832
63525.4006,623,832
63525.4006,621,836
63525.4006,618,832
63525.4006,615,832
63525.4006,612,836
63525.4006,612,832
63525.4006,613,832
63525.4006,612,836
63525.4006,612,832
63525.4006,610,832
63525.4006,605,836
63525.4006,604,832
63525.4006,602,832
63525.4006,601,836
63525.4006,602,832
63525.4006,604,832
63525.41455,609,836
63525.41455,612,832
63525.41455,614,832
63525.41455,611,836
63525.41455,608,832
63525.41455,607,832
63525.41455,608,836
63525.41455,607,832
63525.41455,606,832
63525.41455,602,836
63525.41455,600,832
63525.41455,599,848
63525.41455,601,820
63525.41455,603,832
63525.41455,602,836
63525.41455,604,832
63525.42982,608,832
63525.42982,612,836
63525.42982,607,832
63525.42982,603,832
63525.42982,602,836
63525.42982,603,832
63525.42982,601,832
63525.42982,600,836
63525.42982,599,832
63525.42982,597,832
63525.42982,598,836
63525.42982,599,832
63525.42982,599,832
63525.42982,597,836
63525.42982,594,832
63525.42982,594,832
63525.44268,592,836
63525.44268,591,832
63525.44268,593,832
63525.44268,591,836
63525.44268,587,832
63525.44268,588,832
63525.44268,589,836
63525.44268,589,832
63525.44268,588,832
63525.44268,587,836
63525.44268,589,832
63525.44268,591,836
63525.44268,593,832
63525.44268,593,832
63525.44268,595,836
63525.44268,594,832
63525.45402,591,832
63525.45402,589,836
63525.45402,588,832
63525.45402,587,832
63525.45402,586,836
63525.45402,587,832
63525.45402,587,832
63525.45402,589,836
63525.45402,590,832
63525.45402,593,832
63525.45402,594,836
63525.45402,596,832
63525.45402,597,832
63525.45402,599,836
63525.45402,597,832
63525.45402,596,832
63525.46673,594,836
63525.46673,592,832
63525.46673,591,832
63525.46673,589,836
63525.46673,589,832
63525.46673,587,832
63525.46673,589,836
63525.46673,590,832
63525.46673,591,836
63525.46673,593,832
63525.46673,590,832
63525.46673,592,836
63525.46673,591,832
63525.46673,590,832
63525.46673,589,836
63525.46673,590,832
63525.47941,590,832
63525.47941,587,836
63525.47941,589,832
63525.47941,593,832
63525.47941,592,836
63525.47941,591,832
63525.47941,595,832
63525.47941,596,836
63525.47941,593,832
63525.47941,590,832
63525.47941,589,836
63525.47941,587,832
63525.47941,587,832
63525.47941,586,836
63525.47941,588,832
63525.47941,591,832
63525.49585,592,836
63525.49585,590,832
63525.49585,587,832
63525.49585,587,836
63525.49585,588,832
63525.49585,591,832
63525.49585,592,836
63525.49585,593,832
63525.49585,595,832
63525.49585,596,836
63525.49585,596,832
63525.49585,594,836
63525.49585,593,832
63525.49585,591,832
63525.49585,590,836
63525.49585,590,832
63525.50731,593,832
63525.50731,591,836
63525.50731,595,832
63525.50731,599,832
63525.50731,601,836
63525.50731,601,832
63525.50731,600,832
63525.50731,601,836
63525.50731,601,832
63525.50731,602,832
63525.50731,604,836
63525.50731,601,832
63525.50731,602,832
63525.50731,604,836
63525.50731,603,832
63525.50731,603,832
63525.52125,601,836
63525.52125,599,832
63525.52125,598,832
63525.52125,595,836
63525.52125,593,832
63525.52125,590,832
63525.52125,586,836
63525.52125,580,832
63525.52125,576,832
63525.52125,573,836
63525.52125,570,832
63525.52125,568,836
63525.52125,567,832
63525.52125,564,832
63525.52125,561,836
63525.52125,559,832
63525.53232,557,832
63525.53232,556,836
63525.53232,553,832
63525.53232,552,832
63525.53232,549,836
63525.53232,546,832
63525.53232,541,832
63525.53232,536,836
63525.53232,529,832
63525.53232,524,832
63525.53232,521,836
63525.53232,518,832
63525.53232,515,832
63525.53232,512,836
63525.53232,512,832
63525.53232,512,832
63525.54885,510,836
63525.54885,505,832
63525.54885,501,832
63525.54885,496,836
63525.54885,490,832
63525.54885,486,832
63525.54885,481,836
63525.54885,478,832
63525.54885,473,836
63525.54885,470,832
63525.54885,464,832
63525.54885,460,836
63525.54885,456,832
63525.54885,454,832
63525.54885,454,836
63525.54885,451,832
63525.56024,451,832
63525.56024,451,836
63525.56024,449,832
63525.56024,443,832
63525.56024,437,836
63525.56024,431,832
63525.56024,427,832
63525.56024,423,836
63525.56024,419,832
63525.56024,415,832
63525.56024,410,836
63525.56024,407,832
63525.56024,405,832
63525.56024,401,836
63525.56024,396,832
63525.56024,395,832
63525.57295,392,836
63525.57295,393,832
63525.57295,391,832
63525.57295,390,836
63525.57295,388,832
63525.57295,387,832
63525.57295,385,836
63525.57295,382,836
63525.57295,380,828
63525.57295,376,836
63525.57295,376,832
63525.57295,377,836
63525.57295,377,832
63525.57295,376,832
63525.57295,377,836
63525.57295,373,832
63525.58568,370,832
63525.58568,367,836
63525.58568,367,832
63525.58568,365,832
63525.58568,364,836
63525.58568,363,832
63525.58568,363,832
63525.58568,363,836
63525.58568,361,832
63525.58568,359,832
63525.58568,359,836
63525.58568,358,832
63525.58568,358,832
63525.58568,360,836
63525.58568,359,832
63525.58568,356,832
63525.59856,356,836
63525.59856,352,832
63525.59856,348,832
63525.59856,345,836
63525.59856,343,832
63525.59856,338,832
63525.59856,338,836
63525.59856,338,832
63525.59856,342,836
63525.59856,341,832
63525.59856,345,832
63525.59856,346,836
63525.59856,348,832
63525.59856,348,832
63525.59856,347,836
63525.59856,349,832
63525.61473,347,832
63525.61473,347,836
63525.61473,349,832
63525.61473,350,832
63525.61473,350,836
63525.61473,350,832
63525.61473,349,832
63525.61473,350,836
63525.61473,349,832
63525.61473,353,832
63525.61473,356,836
63525.61473,359,832
63525.61473,358,832
63525.61473,355,836
63525.61473,354,832
63525.61473,356,832
63525.62852,357,836
63525.62852,359,832
63525.62852,359,832
63525.62852,358,836
63525.62852,362,832
63525.62852,364,832
63525.62852,366,836
63525.62852,365,832
63525.62852,362,832
63525.62852,362,836
63525.62852,360,832
63525.62852,359,836
63525.62852,357,832
63525.62852,356,832
63525.62852,356,836
63525.62852,356,832
63525.63966,355,832
63525.63966,353,836
63525.63966,352,832
63525.63966,352,832
63525.63966,354,836
63525.63966,356,832
63525.63966,357,832
63525.63966,360,836
63525.63966,363,832
63525.63966,364,832
63525.63966,363,836
63525.63966,364,832
63525.63966,366,832
63525.63966,364,836
63525.63966,363,832
63525.63966,363,832
63525.65524,365,836
63525.65524,364,832
63525.65524,366,832
63525.65524,366,836
63525.65524,369,832
63525.65524,371,832
63525.65524,372,836
63525.65524,369,832
63525.65524,371,832
63525.65524,372,836
63525.65524,376,832
63525.65524,378,836
63525.65524,376,832
63525.65524,374,832
63525.65524,374,836
63525.65524,375,832
63525.66791,374,832
63525.66791,376,836
63525.66791,378,832
63525.66791,381,832
63525.66791,381,836
63525.66791,381,832
63525.66791,380,832
63525.66791,377,836
63525.66791,376,832
63525.66791,376,832
63525.66791,373,836
63525.66791,370,832
63525.66791,370,832
63525.66791,373,836
63525.66791,376,832
63525.66791,376,832
63525.6793,378,836
63525.6793,379,832
63525.6793,380,832
63525.6793,379,836
63525.6793,380,832
63525.6793,376,832
63525.6793,376,836
63525.6793,376,832
63525.6793,377,832
63525.6793,376,836
63525.6793,375,832
63525.6793,376,836
63525.6793,376,832
63525.6793,376,832
63525.6793,380,836
63525.6793,383,832
63525.69206,384,832
63525.69206,385,836
63525.69206,386,832
63525.69206,384,832
63525.69206,384,836
63525.69206,384,832
63525.69206,384,832
63525.69206,387,836
63525.69206,385,832
63525.69206,383,832
63525.69206,382,836
63525.69206,383,832
63525.69206,383,832
63525.69206,383,836
63525.69206,382,832
63525.69206,384,832
63525.70855,383,836
63525.70855,382,832
63525.70855,383,832
63525.70855,386,836
63525.70855,387,832
63525.70855,389,832
63525.70855,388,836
63525.70855,390,832
63525.70855,389,832
63525.70855,389,836
63525.70855,388,832
63525.70855,387,836
63525.70855,387,832
63525.70855,388,832
63525.70855,389,836
63525.70855,388,832
63525.72124,385,832
63525.72124,382,836
63525.72124,379,832
63525.72124,377,832
63525.72124,376,836
63525.72124,375,832
63525.72124,377,832
63525.72124,378,836
63525.72124,378,832
63525.72124,381,832
63525.72124,384,836
63525.72124,384,832
63525.72124,387,832
63525.72124,388,836
63525.72124,388,832
63525.72124,387,832
63525.73716,389,836
63525.73716,387,832
63525.73716,387,832
63525.73716,387,836
63525.73716,384,832
63525.73716,383,832
63525.73716,383,836
63525.73716,382,832
63525.73716,383,832
63525.73716,385,836
63525.73716,385,832
63525.73716,386,836
63525.73716,389,832
63525.73716,390,832
63525.73716,390,836
63525.73716,392,832
63525.74898,394,832
63525.74898,396,836
63525.74898,396,832
63525.74898,399,832
63525.74898,400,836
63525.74898,399,832
63525.74898,400,832
63525.74898,400,836
63525.74898,402,832
63525.74898,405,832
63525.74898,406,836
63525.74898,408,832
63525.74898,409,832
63525.74898,409,836
63525.74898,410,832
63525.74898,413,832
63525.76165,416,836
63525.76165,416,832
63525.76165,417,832
63525.76165,417,836
63525.76165,419,832
63525.76165,420,832
63525.76165,420,836
63525.76165,419,832
63525.76165,418,832
63525.76165,416,836
63525.76165,417,832
63525.76165,416,836
63525.76165,418,832
63525.76165,418,832
63525.76165,418,848
63525.76165,418,820
63525.77431,418,832
63525.77431,416,836
63525.77431,415,832
63525.77431,417,832
63525.77431,419,836
63525.77431,421,832
63525.77431,425,832
63525.77431,426,836
63525.77431,424,832
63525.77431,425,832
63525.77431,425,836
63525.77431,424,832
63525.77431,421,832
63525.77431,421,836
63525.77431,420,832
63525.77431,421,832
63525.78566,420,836
63525.78566,421,832
63525.78566,422,832
63525.78566,423,836
63525.78566,425,832
63525.78566,424,832
63525.78566,422,836
63525.78566,422,832
63525.78566,422,832
63525.78566,425,836
63525.78566,425,832
63525.78566,426,836
63525.78566,423,832
63525.78566,424,832
63525.78566,423,836
63525.78566,421,832
63525.8021,421,832
63525.8021,422,836
63525.8021,422,832
63525.8021,424,832
63525.8021,424,836
63525.8021,421,832
63525.8021,421,832
63525.8021,419,836
63525.8021,415,832
63525.8021,415,832
63525.8021,417,836
63525.8021,421,832
63525.8021,425,832
63525.8021,427,836
63525.8021,428,832
63525.8021,426,832
63525.81474,428,836
63525.81474,427,832
63525.81474,429,832
63525.81474,430,836
63525.81474,431,832
63525.81474,432,832
63525.81474,432,836
63525.81474,430,832
63525.81474,431,836
63525.81474,429,832
63525.81474,430,832
63525.81474,428,836
63525.81474,429,832
63525.81474,431,832
63525.81474,433,836
63525.81474,433,832
63525.82751,436,832
63525.82751,437,836
63525.82751,436,832
63525.82751,435,832
63525.82751,435,836
63525.82751,434,832
63525.82751,434,832
63525.82751,435,836
63525.82751,437,832
63525.82751,436,832
63525.82751,435,836
63525.82751,432,832
63525.82751,429,832
63525.82751,428,836
63525.82751,428,832
63525.82751,430,832
63525.84407,433,836
63525.84407,433,832
63525.84407,433,832
63525.84407,433,836
63525.84407,435,832
63525.84407,435,832
63525.84407,434,836
63525.84407,435,832
63525.84407,438,832
63525.84407,440,836
63525.84407,441,832
63525.84407,440,836
63525.84407,438,832
63525.84407,438,832
63525.84407,439,836
63525.84407,437,832
63525.85525,436,832
63525.85525,438,836
63525.85525,438,832
63525.85525,437,832
63525.85525,437,836
63525.85525,437,832
63525.85525,437,832
63525.85525,438,836
63525.85525,437,832
63525.85525,437,832
63525.85525,439,836
63525.85525,443,832
63525.85525,447,832
63525.85525,448,836
63525.85525,448,832
63525.85525,448,832
63525.86792,443,836
63525.86792,442,832
63525.86792,440,832
63525.86792,439,836
63525.86792,440,832
63525.86792,441,832
63525.86792,442,836
63525.86792,444,832
63525.86792,443,832
63525.86792,444,836
63525.86792,443,832
63525.86792,446,836
63525.86792,448,832
63525.86792,450,832
63525.86792,455,836
63525.86792,456,832
63525.88061,455,832
63525.88061,451,836
63525.88061,452,832
63525.88061,451,832
63525.88061,450,836
63525.88061,451,832
63525.88061,450,832
63525.88061,452,836
63525.88061,452,832
63525.88061,453,832
63525.88061,452,836
63525.88061,451,832
63525.88061,450,832
63525.88061,449,836
63525.88061,451,832
63525.88061,450,832
63525.89718,453,836
63525.89718,455,832
63525.89718,455,832
63525.89718,454,836
63525.89718,453,832
63525.89718,450,832
63525.89718,448,836
63525.89718,446,832
63525.89718,447,832
63525.89718,447,836
63525.89718,451,832
63525.89718,451,836
63525.89718,452,832
63525.89718,454,832
63525.89718,454,836
63525.89718,453,832
63525.9088,453,832
63525.9088,451,836
63525.9088,454,832
63525.9088,457,832
63525.9088,461,836
63525.9088,462,832
63525.9088,463,832
63525.9088,464,836
63525.9088,465,832
63525.9088,464,832
63525.9088,464,836
63525.9088,465,832
63525.9088,468,832
63525.9088,471,836
63525.9088,473,832
63525.9088,471,832
63525.92138,471,836
63525.92138,469,832
63525.92138,468,832
63525.92138,466,836
63525.92138,467,832
63525.92138,469,832
63525.92138,473,836
63525.92138,476,832
63525.92138,475,836
63525.92138,476,832
63525.92138,475,836
63525.92138,475,832
63525.92138,476,832
63525.92138,479,832
63525.92138,480,836
63525.92138,481,832
63525.93298,482,832
63525.93298,481,836
63525.93298,477,832
63525.93298,476,832
63525.93298,473,836
63525.93298,472,832
63525.93298,467,832
63525.93298,465,836
63525.93298,464,832
63525.93298,463,832
63525.93298,462,836
63525.93298,462,832
63525.93298,464,832
63525.93298,466,836
63525.93298,467,832
63525.93298,469,832
63525.95566,469,836
63525.95566,473,832
63525.95566,475,832
63525.95566,476,836
63525.95566,476,832
63525.95566,475,832
63525.95566,475,836
63525.95566,473,832
63525.95566,473,836
63525.95566,473,832
63525.95566,474,832
63525.95566,478,836
63525.95566,478,832
63525.95566,477,832
63525.95566,476,836
63525.95566,478,832
63525.96272,480,832
63525.96272,482,836
63525.96272,483,832
63525.96272,486,832
63525.96272,489,836
63525.96272,489,832
63525.96272,488,832
63525.96272,488,836
63525.96272,487,832
63525.96272,487,832
63525.96272,486,836
63525.96272,486,832
63525.96272,486,832
63525.96272,484,836
63525.96272,484,832
63525.96272,484,832
63525.97604,485,836
63525.97604,487,832
63525.97604,488,832
63525.97604,487,836
63525.97604,487,832
63525.97604,488,832
63525.97604,492,836
63525.97604,496,832
63525.97604,498,832
63525.97604,496,836
63525.97604,494,832
63525.97604,492,836
63525.97604,491,832
63525.97604,490,832
63525.97604,492,836
63525.97604,494,832
63525.98751,495,832
63525.98751,494,836
63525.98751,493,832
63525.98751,492,832
63525.98751,494,836
63525.98751,494,832
63525.98751,496,832
63525.98751,498,836
63525.98751,501,832
63525.98751,503,832
63525.98751,505,836
63525.98751,502,832
63525.98751,497,832
63525.98751,494,836
63525.98751,493,832
63525.98751,491,832
63525.99943,489,836
63525.99943,489,832
63525.99943,490,832
63525.99943,491,836
63525.99943,491,832
63525.99943,488,832
63525.99943,487,836
63525.99943,485,832
63525.99943,484,832
63525.99943,484,836
63525.99943,485,832
63525.99943,490,836
63525.99943,494,832
63525.99943,496,832
63525.99943,497,836
63525.99943,498,832
63526.01629,499,832
63526.01629,497,836
63526.01629,495,832
63526.01629,497,832
63526.01629,498,836
63526.01629,500,832
63526.01629,501,832
63526.01629,500,836
63526.01629,496,832
63526.01629,493,832
63526.01629,491,836
63526.01629,491,832
63526.01629,492,832
63526.01629,494,836
63526.01629,495,832
63526.01629,496,832
63526.02729,497,836
63526.02729,497,832
63526.02729,497,832
63526.02729,497,836
63526.02729,495,832
63526.02729,495,832
63526.02729,495,836
63526.02729,496,832
63526.02729,499,832
63526.02729,501,836
63526.02729,500,832
63526.02729,497,836
63526.02729,494,832
63526.02729,493,832
63526.02729,492,836
63526.02729,494,832
63526.03983,496,832
63526.03983,498,836
63526.03983,499,832
63526.03983,499,832
63526.03983,498,836
63526.03983,499,832
63526.03983,498,832
63526.03983,498,836
63526.03983,500,832
63526.03983,503,832
63526.03983,504,836
63526.03983,504,832
63526.03983,503,832
63526.03983,502,836
63526.03983,501,832
63526.03983,498,832
63526.05243,495,836
63526.05243,495,832
63526.05243,494,832
63526.05243,495,836
63526.05243,496,832
63526.05243,496,832
63526.05243,496,836
63526.05243,497,832
63526.05243,498,836
63526.05243,498,832
63526.05243,498,832
63526.05243,499,836
63526.05243,502,832
63526.05243,507,832
63526.05243,507,836
63526.05243,507,832
63526.06892,506,832
63526.06892,504,836
63526.06892,504,832
63526.06892,503,832
63526.06892,503,836
63526.06892,506,832
63526.06892,508,832
63526.06892,506,836
63526.06892,505,832
63526.06892,502,832
63526.06892,500,836
63526.06892,499,832
63526.06892,498,832
63526.06892,499,836
63526.06892,501,832
63526.06892,503,832
63526.08155,505,836
63526.08155,505,832
63526.08155,503,832
63526.08155,501,836
63526.08155,502,832
63526.08155,501,832
63526.08155,503,836
63526.08155,504,832
63526.08155,504,836
63526.08155,504,832
63526.08155,505,832
63526.08155,503,836
63526.08155,504,832
63526.08155,503,832
63526.08155,502,836
63526.08155,502,832
63526.09288,505,832
63526.09288,508,836
63526.09288,510,832
63526.09288,509,832
63526.09288,508,836
63526.09288,507,832
63526.09288,505,832
63526.09288,505,836
63526.09288,503,832
63526.09288,502,832
63526.09288,503,836
63526.09288,505,832
63526.09288,506,832
63526.09288,505,836
63526.09288,504,832
63526.09288,502,832
63526.10555,501,836
63526.10555,499,832
63526.10555,499,832
63526.10555,503,836
63526.10555,505,832
63526.10555,508,832
63526.10555,508,836
63526.10555,506,832
63526.10555,506,836
63526.10555,507,832
63526.10555,508,832
63526.10555,508,836
63526.10555,511,832
63526.10555,511,832
63526.10555,512,836
63526.10555,512,832
63526.12198,511,832
63526.12198,510,840
63526.12198,507,828
63526.12198,506,832
63526.12198,506,836
63526.12198,508,832
63526.12198,511,832
63526.12198,514,836
63526.12198,516,832
63526.12198,515,832
63526.12198,511,836
63526.12198,510,832
63526.12198,509,832
63526.12198,508,836
63526.12198,511,832
63526.12198,514,832
63526.13472,516,836
63526.13472,516,832
63526.13472,515,832
63526.13472,514,836
63526.13472,511,832
63526.13472,509,832
63526.13472,506,836
63526.13472,506,832
63526.13472,508,832
63526.13472,509,836
63526.13472,512,832
63526.13472,514,836
63526.13472,514,832
63526.13472,515,832
63526.13472,518,836
63526.13472,518,832
63526.14617,521,832
63526.14617,522,836
63526.14617,522,832
63526.14617,521,832
63526.14617,518,836
63526.14617,516,832
63526.14617,515,832
63526.14617,513,836
63526.14617,511,832
63526.14617,509,832
63526.14617,510,836
63526.14617,513,832
63526.14617,514,832
63526.14617,516,836
63526.14617,516,832
63526.14617,516,832
63526.15879,516,836
63526.15879,516,832
63526.15879,516,832
63526.15879,517,836
63526.15879,518,832
63526.15879,519,832
63526.15879,517,836
63526.15879,516,832
63526.15879,514,832
63526.15879,514,836
63526.15879,514,832
63526.15879,514,836
63526.15879,516,832
63526.15879,516,832
63526.15879,515,836
63526.15879,515,832
63526.17501,513,832
63526.17501,511,836
63526.17501,511,832
63526.17501,516,832
63526.17501,520,836
63526.17501,522,832
63526.17501,526,832
63526.17501,526,836
63526.17501,525,832
63526.17501,523,832
63526.17501,520,836
63526.17501,519,832
63526.17501,518,832
63526.17501,517,836
63526.17501,515,832
63526.17501,517,832
63526.18772,517,836
63526.18772,515,832
63526.18772,513,832
63526.18772,511,836
63526.18772,512,832
63526.18772,512,832
63526.18772,517,836
63526.18772,520,832
63526.18772,524,836
63526.18772,526,832
63526.18772,525,832
63526.18772,524,836
63526.18772,523,832
63526.18772,523,832
63526.18772,523,836
63526.18772,522,832
63526.2004,520,832
63526.2004,520,836
63526.2004,518,832
63526.2004,517,832
63526.2004,515,836
63526.2004,514,832
63526.2004,512,832
63526.2004,515,836
63526.2004,518,832
63526.2004,519,832
63526.2004,518,836
63526.2004,519,832
63526.2004,520,832
63526.2004,520,836
63526.2004,519,832
63526.2004,519,832
63526.21689,522,836
63526.21689,524,832
63526.21689,524,832
63526.21689,525,836
63526.21689,525,832
63526.21689,528,832
63526.21689,528,836
63526.21689,525,832
63526.21689,526,832
63526.21689,524,836
63526.21689,523,832
63526.21689,522,836
63526.21689,519,832
63526.21689,521,832
63526.21689,520,836
63526.21689,522,832
63526.22832,525,832
63526.22832,529,836
63526.22832,531,832
63526.22832,532,832
63526.22832,533,836
63526.22832,532,832
63526.22832,532,832
63526.22832,530,836
63526.22832,530,832
63526.22832,530,832
63526.22832,531,836
63526.22832,531,832
63526.22832,529,832
63526.22832,526,836
63526.22832,521,832
63526.22832,518,832
63526.24101,517,836
63526.24101,517,832
63526.24101,519,832
63526.24101,519,836
63526.24101,520,832
63526.24101,517,832
63526.24101,514,836
63526.24101,513,832
63526.24101,511,832
63526.24101,512,836
63526.24101,513,832
63526.24101,515,836
63526.24101,515,832
63526.24101,512,832
63526.24101,508,836
63526.24101,506,832
63526.25248,503,832
63526.25248,502,836
63526.25248,503,832
63526.25248,504,832
63526.25248,505,836
63526.25248,503,832
63526.25248,501,832
63526.25248,498,836
63526.25248,497,832
63526.25248,496,832
63526.25248,499,836
63526.25248,500,832
63526.25248,500,832
63526.25248,500,836
63526.25248,495,832
63526.25248,491,832
63526.27019,490,836
63526.27019,488,832
63526.27019,489,832
63526.27019,489,836
63526.27019,487,832
63526.27019,486,832
63526.27019,484,836
63526.27019,481,832
63526.27019,478,836
63526.27019,474,832
63526.27019,474,832
63526.27019,475,836
63526.27019,477,832
63526.27019,479,836
63526.27019,476,832
63526.27019,472,832
63526.28137,469,832
63526.28137,465,836
63526.28137,464,832
63526.28137,464,832
63526.28137,462,836
63526.28137,460,832
63526.28137,456,832
63526.28137,453,836
63526.28137,451,832
63526.28137,447,832
63526.28137,446,836
63526.28137,447,832
63526.28137,448,832
63526.28137,449,836
63526.28137,449,832
63526.28137,446,832
63526.29411,443,836
63526.29411,439,832
63526.29411,436,832
63526.29411,436,836
63526.29411,436,832
63526.29411,435,832
63526.29411,432,836
63526.29411,428,832
63526.29411,424,832
63526.29411,420,836
63526.29411,419,832
63526.29411,420,836
63526.29411,419,832
63526.29411,417,832
63526.29411,414,836
63526.29411,409,832
63526.31067,405,832
63526.31067,402,836
63526.31067,400,832
63526.31067,401,832
63526.31067,403,836
63526.31067,403,832
63526.31067,403,832
63526.31067,401,836
63526.31067,398,832
63526.31067,395,832
63526.31067,393,836
63526.31067,391,832
63526.31067,391,832
63526.31067,392,836
63526.31067,391,832
63526.31067,388,832
63526.32211,383,836
63526.32211,378,832
63526.32211,373,832
63526.32211,371,836
63526.32211,372,832
63526.32211,370,832
63526.32211,369,836
63526.32211,367,832
63526.32211,363,832
63526.32211,361,836
63526.32211,358,832
63526.32211,356,836
63526.32211,357,832
63526.32211,357,832
63526.32211,358,836
63526.32211,358,832
63526.33484,356,832
63526.33484,352,836
63526.33484,347,832
63526.33484,342,832
63526.33484,343,836
63526.33484,341,832
63526.33484,340,832
63526.33484,340,836
63526.33484,338,832
63526.33484,337,832
63526.33484,335,836
63526.33484,335,832
63526.33484,336,832
63526.33484,337,836
63526.33484,338,832
63526.33484,339,832
63526.34754,336,836
63526.34754,333,832
63526.34754,328,832
63526.34754,324,836
63526.34754,324,832
63526.34754,325,832
63526.34754,325,836
63526.34754,326,832
63526.34754,324,832
63526.34754,321,836
63526.34754,318,832
63526.34754,315,836
63526.34754,314,832
63526.34754,315,832
63526.34754,316,836
63526.34754,318,832
63526.36407,319,832
63526.36407,317,836
63526.36407,314,832
63526.36407,312,832
63526.36407,311,836
63526.36407,312,832
63526.36407,314,832
63526.36407,315,836
63526.36407,314,832
63526.36407,311,832
63526.36407,308,836
63526.36407,305,832
63526.36407,303,832
63526.36407,302,836
63526.36407,303,832
63526.36407,303,832
63526.37756,304,836
63526.37756,302,832
63526.37756,301,832
63526.37756,297,836
63526.37756,295,832
63526.37756,295,832
63526.37756,297,836
63526.37756,297,832
63526.37756,296,836
63526.37756,295,832
63526.37756,290,832
63526.37756,287,836
63526.37756,287,832
63526.37756,288,832
63526.37756,290,836
63526.37756,291,832
63526.38812,291,832
63526.38812,291,836
63526.38812,288,832
63526.38812,285,832
63526.38812,283,836
63526.38812,281,832
63526.38812,284,832
63526.38812,288,836
63526.38812,290,832
63526.38812,291,832
63526.38812,289,836
63526.38812,287,832
63526.38812,286,832
63526.38812,285,836
63526.38812,285,832
63526.38812,288,832
63526.40111,290,836
63526.40111,291,832
63526.40111,288,832
63526.40111,285,836
63526.40111,282,832
63526.40111,278,832
63526.40111,279,836
63526.40111,282,832
63526.40111,283,836
63526.40111,283,832
63526.40111,283,832
63526.40111,281,836
63526.40111,279,832
63526.40111,281,832
63526.40111,282,836
63526.40111,284,832
63526.41651,286,832
63526.41651,288,836
63526.41651,288,832
63526.41651,285,832
63526.41651,282,836
63526.41651,280,832
63526.41651,278,832
63526.41651,280,836
63526.41651,282,832
63526.41651,280,832
63526.41651,279,836
63526.41651,276,832
63526.41651,273,832
63526.41651,272,836
63526.41651,272,832
63526.41651,274,832
63526.42916,278,836
63526.42916,278,832
63526.42916,280,832
63526.42916,279,836
63526.42916,276,832
63526.42916,275,832
63526.42916,273,836
63526.42916,275,832
63526.42916,277,832
63526.42916,278,836
63526.42916,277,832
63526.42916,276,836
63526.42916,271,832
63526.42916,268,832
63526.42916,268,836
63526.42916,268,832
63526.44187,272,832
63526.44187,275,836
63526.44187,278,832
63526.44187,279,832
63526.44187,278,836
63526.44187,277,832
63526.44187,278,832
63526.44187,280,836
63526.44187,282,832
63526.44187,283,832
63526.44187,283,836
63526.44187,282,832
63526.44187,280,832
63526.44187,278,836
63526.44187,278,832
63526.44187,278,832
63526.45332,278,836
63526.45332,278,832
63526.45332,279,832
63526.45332,280,836
63526.45332,279,832
63526.45332,277,832
63526.45332,277,836
63526.45332,277,832
63526.45332,280,836
63526.45332,283,832
63526.45332,284,832
63526.45332,285,836
63526.45332,283,832
63526.45332,280,832
63526.45332,281,836
63526.45332,283,832
63526.46599,287,832
63526.46599,289,836
63526.46599,288,832
63526.46599,288,832
63526.46599,288,840
63526.46599,284,828
63526.46599,282,832
63526.46599,282,836
63526.46599,285,832
63526.46599,288,832
63526.46599,291,836
63526.46599,293,832
63526.46599,294,832
63526.46599,293,836
63526.46599,294,832
63526.46599,296,832
63526.4823,298,836
63526.4823,300,832
63526.4823,301,832
63526.4823,303,836
63526.4823,302,832
63526.4823,299,832
63526.4823,296,836
63526.4823,295,832
63526.4823,296,832
63526.4823,297,836
63526.4823,298,832
63526.4823,297,836
63526.4823,297,832
63526.4823,296,832
63526.4823,296,836
63526.4823,298,832
63526.49497,303,832
63526.49497,307,836
63526.49497,309,832
63526.49497,310,832
63526.49497,311,836
63526.49497,310,832
63526.49497,308,832
63526.49497,307,836
63526.49497,309,832
63526.49497,311,832
63526.49497,316,836
63526.49497,319,832
63526.49497,319,832
63526.49497,317,836
63526.49497,316,832
63526.49497,316,832
63526.50765,319,836
63526.50765,322,832
63526.50765,326,832
63526.50765,331,836
63526.50765,333,832
63526.50765,333,832
63526.50765,332,836
63526.50765,332,832
63526.50765,334,832
63526.50765,336,836
63526.50765,338,832
63526.50765,341,836
63526.50765,343,832
63526.50765,343,832
63526.50765,341,836
63526.50765,339,832
63526.51906,342,832
63526.51906,344,836
63526.51906,346,832
63526.51906,348,832
63526.51906,349,836
63526.51906,349,832
63526.51906,351,832
63526.51906,354,836
63526.51906,356,832
63526.51906,359,832
63526.51906,361,836
63526.51906,364,832
63526.51906,366,832
63526.51906,365,836
63526.51906,364,832
63526.51906,364,832
63526.53551,364,836
63526.53551,368,832
63526.53551,371,832
63526.53551,372,836
63526.53551,373,832
63526.53551,372,832
63526.53551,371,836
63526.53551,370,832
63526.53551,367,832
63526.53551,370,836
63526.53551,372,832
63526.53551,375,836
63526.53551,379,832
63526.53551,380,832
63526.53551,379,836
63526.53551,378,832
63526.54814,377,832
63526.54814,380,836
63526.54814,383,832
63526.54814,386,832
63526.54814,389,836
63526.54814,390,832
63526.54814,389,832
63526.54814,388,836
63526.54814,385,832
63526.54814,383,832
63526.54814,384,836
63526.54814,384,832
63526.54814,386,832
63526.54814,388,836
63526.54814,388,832
63526.54814,387,832
63526.56091,386,836
63526.56091,387,832
63526.56091,391,832
63526.56091,394,836
63526.56091,397,832
63526.56091,400,832
63526.56091,397,836
63526.56091,396,832
63526.56091,394,832
63526.56091,393,836
63526.56091,393,832
63526.56091,393,836
63526.56091,394,832
63526.56091,395,832
63526.56091,393,836
63526.56091,391,832
63526.57231,391,832
63526.57231,388,836
63526.57231,391,832
63526.57231,394,832
63526.57231,396,836
63526.57231,398,832
63526.57231,398,832
63526.57231,396,836
63526.57231,395,832
63526.57231,394,832
63526.57231,395,836
63526.57231,397,832
63526.57231,397,832
63526.57231,399,836
63526.57231,399,832
63526.57231,397,832
63526.58846,394,836
63526.58846,390,832
63526.58846,390,832
63526.58846,390,836
63526.58846,390,832
63526.58846,391,832
63526.58846,394,836
63526.58846,394,832
63526.58846,395,836
63526.58846,395,832
63526.58846,393,832
63526.58846,395,836
63526.58846,397,832
63526.58846,400,832
63526.58846,403,836
63526.58846,399,832
63526.60113,395,832
63526.60113,391,836
63526.60113,389,832
63526.60113,393,832
63526.60113,394,836
63526.60113,395,832
63526.60113,396,832
63526.60113,393,836
63526.60113,393,832
63526.60113,395,832
63526.60113,394,836
63526.60113,396,832
63526.60113,397,832
63526.60113,399,836
63526.60113,403,832
63526.60113,403,832
63526.61371,401,836
63526.61371,399,832
63526.61371,395,832
63526.61371,397,836
63526.61371,398,832
63526.61371,399,832
63526.61371,402,836
63526.61371,403,832
63526.61371,402,836
63526.61371,399,832
63526.61371,398,832
63526.61371,398,836
63526.61371,402,832
63526.61371,404,832
63526.61371,407,836
63526.61371,410,832
63526.62639,409,836
63526.62639,408,832
63526.62639,407,832
63526.62639,409,832
63526.62639,413,836
63526.62639,416,832
63526.62639,416,832
63526.62639,418,836
63526.62639,418,832
63526.62639,421,832
63526.62639,423,836
63526.62639,423,832
63526.62639,426,832
63526.62639,426,836
63526.62639,427,832
63526.62639,430,832
63526.6428,430,836
63526.6428,431,832
63526.6428,433,832
63526.6428,434,836
63526.6428,439,832
63526.6428,443,832
63526.6428,449,836
63526.6428,453,832
63526.6428,455,832
63526.6428,458,836
63526.6428,461,832
63526.6428,464,836
63526.6428,470,832
63526.6428,473,832
63526.6428,475,836
63526.6428,480,832
63526.65419,482,832
63526.65419,481,836
63526.65419,486,832
63526.65419,487,832
63526.65419,493,836
63526.65419,500,832
63526.65419,504,832
63526.65419,509,836
63526.65419,515,832
63526.65419,519,832
63526.65419,525,836
63526.65419,529,832
63526.65419,531,832
63526.65419,536,836
63526.65419,542,832
63526.65419,546,832
63526.66691,552,836
63526.66691,555,832
63526.66691,556,832
63526.66691,559,836
63526.66691,562,832
63526.66691,566,832
63526.66691,572,836
63526.66691,576,832
63526.66691,580,832
63526.66691,583,836
63526.66691,583,832
63526.66691,589,836
63526.66691,596,832
63526.66691,601,832
63526.66691,606,836
63526.66691,614,832
63526.6834,614,832
63526.6834,617,836
63526.6834,620,832
63526.6834,622,832
63526.6834,626,836
63526.6834,630,832
63526.6834,632,832
63526.6834,637,836
63526.6834,642,832
63526.6834,645,832
63526.6834,647,836
63526.6834,648,832
63526.6834,653,832
63526.6834,655,836
63526.6834,660,832
63526.6834,665,832
63526.6981,670,836
63526.6981,672,832
63526.6981,674,832
63526.6981,676,836
63526.6981,677,832
63526.6981,679,832
63526.6981,681,836
63526.6981,682,832
63526.6981,686,832
63526.6981,686,836
63526.6981,684,832
63526.6981,688,836
63526.6981,687,832
63526.6981,689,832
63526.6981,692,836
63526.6981,695,832
63526.70741,697,832
63526.70741,699,836
63526.70741,699,832
63526.70741,701,832
63526.70741,703,836
63526.70741,704,832
63526.70741,705,832
63526.70741,705,836
63526.70741,709,832
63526.70741,710,832
63526.70741,711,836
63526.70741,712,832
63526.70741,714,832
63526.70741,714,836
63526.70741,717,832
63526.70741,718,832
63526.71998,718,836
63526.71998,719,832
63526.71998,717,832
63526.71998,715,836
63526.71998,713,832
63526.71998,713,832
63526.71998,714,836
63526.71998,714,832
63526.71998,715,836
63526.71998,715,832
63526.71998,713,832
63526.71998,713,836
63526.71998,713,832
63526.71998,712,832
63526.71998,712,836
63526.71998,710,832
63526.73642,712,832
63526.73642,710,836
63526.73642,710,832
63526.73642,705,832
63526.73642,704,836
63526.73642,703,832
63526.73642,703,832
63526.73642,704,836
63526.73642,703,832
63526.73642,701,832
63526.73642,699,836
63526.73642,700,832
63526.73642,701,832
63526.73642,704,836
63526.73642,702,832
63526.73642,703,832
63526.74912,702,836
63526.74912,701,832
63526.74912,700,832
63526.74912,697,836
63526.74912,694,832
63526.74912,693,832
63526.74912,693,836
63526.74912,692,832
63526.74912,692,836
63526.74912,689,832
63526.74912,686,832
63526.74912,685,836
63526.74912,685,832
63526.74912,686,832
63526.74912,685,836
63526.74912,685,832
63526.76053,685,832
63526.76053,686,836
63526.76053,684,832
63526.76053,684,832
63526.76053,680,836
63526.76053,678,832
63526.76053,679,832
63526.76053,678,836
63526.76053,679,832
63526.76053,678,832
63526.76053,676,836
63526.76053,674,832
63526.76053,673,832
63526.76053,670,836
63526.76053,672,832
63526.76053,670,832
63526.77706,671,836
63526.77706,672,832
63526.77706,672,832
63526.77706,674,836
63526.77706,673,832
63526.77706,675,832
63526.77706,676,836
63526.77706,677,832
63526.77706,677,832
63526.77706,678,836
63526.77706,675,832
63526.77706,673,836
63526.77706,671,832
63526.77706,669,832
63526.77706,671,836
63526.77706,669,832
63526.78969,669,832
63526.78969,668,836
63526.78969,667,832
63526.78969,665,832
63526.78969,664,836
63526.78969,662,832
63526.78969,663,832
63526.78969,664,836
63526.78969,664,832
63526.78969,666,832
63526.78969,665,836
63526.78969,664,832
63526.78969,663,832
63526.78969,665,836
63526.78969,665,832
63526.78969,666,832
63526.80389,664,836
63526.80389,663,832
63526.80389,662,832
63526.80389,659,836
63526.80389,657,832
63526.80389,655,832
63526.80389,655,836
63526.80389,654,832
63526.80389,654,836
63526.80389,655,832
63526.80389,658,832
63526.80389,658,836
63526.80389,657,832
63526.80389,655,832
63526.80389,656,836
63526.80389,658,832
63526.81474,659,832
63526.81474,658,836
63526.81474,659,832
63526.81474,658,832
63526.81474,656,836
63526.81474,655,832
63526.81474,652,832
63526.81474,652,840
63526.81474,652,828
63526.81474,653,832
63526.81474,654,836
63526.81474,653,832
63526.81474,650,832
63526.81474,649,836
63526.81474,652,832
63526.81474,653,832
63526.83115,658,836
63526.83115,658,832
63526.83115,659,832
63526.83115,658,836
63526.83115,656,832
63526.83115,655,832
63526.83115,652,836
63526.83115,650,832
63526.83115,649,832
63526.83115,649,836
63526.83115,649,832
63526.83115,649,836
63526.83115,647,832
63526.83115,646,832
63526.83115,646,836
63526.83115,646,832
63526.84267,649,832
63526.84267,650,836
63526.84267,650,832
63526.84267,649,832
63526.84267,647,836
63526.84267,647,832
63526.84267,649,832
63526.84267,647,836
63526.84267,646,832
63526.84267,645,832
63526.84267,643,836
63526.84267,642,832
63526.84267,641,832
63526.84267,639,836
63526.84267,637,832
63526.84267,637,832
63526.85536,637,836
63526.85536,639,832
63526.85536,636,832
63526.85536,635,836
63526.85536,632,832
63526.85536,632,832
63526.85536,633,836
63526.85536,634,832
63526.85536,635,832
63526.85536,636,836
63526.85536,637,832
63526.85536,637,836
63526.85536,637,832
63526.85536,635,832
63526.85536,636,836
63526.85536,636,832
63526.86792,636,832
63526.86792,637,836
63526.86792,637,832
63526.86792,637,832
63526.86792,634,836
63526.86792,632,832
63526.86792,631,832
63526.86792,632,836
63526.86792,629,832
63526.86792,630,832
63526.86792,630,836
63526.86792,631,832
63526.86792,632,832
63526.86792,633,836
63526.86792,635,832
63526.86792,637,832
63526.88449,639,836
63526.88449,640,832
63526.88449,641,832
63526.88449,639,836
63526.88449,636,832
63526.88449,636,832
63526.88449,635,836
63526.88449,634,832
63526.88449,635,832
63526.88449,635,836
63526.88449,632,832
63526.88449,631,836
63526.88449,630,832
63526.88449,630,832
63526.88449,627,836
63526.88449,627,832
63526.89582,629,832
63526.89582,632,836
63526.89582,633,832
63526.89582,632,832
63526.89582,630,836
63526.89582,630,832
63526.89582,630,832
63526.89582,631,836
63526.89582,632,832
63526.89582,630,832
63526.89582,629,836
63526.89582,624,832
63526.89582,620,832
63526.89582,619,836
63526.89582,619,832
63526.89582,616,832
63526.91174,617,836
63526.91174,619,832
63526.91174,621,832
63526.91174,624,836
63526.91174,623,832
63526.91174,625,832
63526.91174,626,836
63526.91174,626,832
63526.91174,626,836
63526.91174,627,832
63526.91174,625,832
63526.91174,623,836
63526.91174,622,832
63526.91174,622,832
63526.91174,624,836
63526.91174,623,832
63526.92105,623,832
63526.92105,625,836
63526.92105,625,832
63526.92105,625,832
63526.92105,624,836
63526.92105,621,832
63526.92105,620,832
63526.92105,622,836
63526.92105,622,832
63526.92105,623,832
63526.92105,623,836
63526.92105,621,832
63526.92105,621,832
63526.92105,620,836
63526.92105,620,832
63526.92105,621,832
63526.9375,620,836
63526.9375,619,832
63526.9375,619,832
63526.9375,620,836
63526.9375,619,832
63526.9375,616,832
63526.9375,614,836
63526.9375,615,832
63526.9375,617,832
63526.9375,619,836
63526.9375,621,832
63526.9375,623,836
63526.9375,623,832
63526.9375,624,832
63526.9375,624,836
63526.9375,626,832
63526.94893,626,832
63526.94893,627,836
63526.94893,628,832
63526.94893,628,832
63526.94893,627,836
63526.94893,626,832
63526.94893,622,832
63526.94893,620,836
63526.94893,621,832
63526.94893,620,832
63526.94893,622,836
63526.94893,623,832
63526.94893,618,832
63526.94893,615,836
63526.94893,615,832
63526.94893,615,832
63526.9616,618,836
63526.9616,618,832
63526.9616,618,832
63526.9616,619,836
63526.9616,619,832
63526.9616,620,832
63526.9616,618,836
63526.9616,615,832
63526.9616,614,836
63526.9616,614,832
63526.9616,614,832
63526.9616,614,836
63526.9616,611,832
63526.9616,608,832
63526.9616,604,836
63526.9616,601,832
63526.97429,601,832
63526.97429,601,836
63526.97429,602,832
63526.97429,603,844
63526.97429,604,824
63526.97429,604,832
63526.97429,604,832
63526.97429,602,836
63526.97429,603,832
63526.97429,606,832
63526.97429,607,836
63526.97429,608,832
63526.97429,609,832
63526.97429,608,836
63526.97429,607,832
63526.97429,606,832
63526.98573,603,836
63526.98573,603,832
63526.98573,602,832
63526.98573,604,836
63526.98573,605,832
63526.98573,606,832
63526.98573,604,836
63526.98573,603,832
63526.98573,602,832
63526.98573,603,836
63526.98573,605,832
63526.98573,607,836
63526.98573,608,832
63526.98573,606,832
63526.98573,603,836
63526.98573,600,832
63527.00226,598,832
63527.00226,597,836
63527.00226,595,832
63527.00226,595,832
63527.00226,594,836
63527.00226,592,832
63527.00226,591,832
63527.00226,589,836
63527.00226,587,832
63527.00226,587,832
63527.00226,590,836
63527.00226,592,832
63527.00226,595,832
63527.00226,595,836
63527.00226,594,832
63527.00226,592,832
63527.01798,591,836
63527.01798,589,832
63527.01798,587,832
63527.01798,588,836
63527.01798,587,832
63527.01798,589,832
63527.01798,590,836
63527.01798,587,832
63527.01798,586,832
63527.01798,586,836
63527.01798,587,832
63527.01798,589,836
63527.01798,591,832
63527.01798,593,832
63527.01798,592,836
63527.01798,592,832
63527.02749,593,832
63527.02749,595,836
63527.02749,596,832
63527.02749,597,832
63527.02749,599,836
63527.02749,600,832
63527.02749,600,832
63527.02749,598,836
63527.02749,596,832
63527.02749,594,832
63527.02749,593,836
63527.02749,594,832
63527.02749,594,832
63527.02749,593,836
63527.02749,591,832
63527.02749,587,832
63527.04007,584,836
63527.04007,585,832
63527.04007,587,832
63527.04007,589,836
63527.04007,590,832
63527.04007,591,832
63527.04007,592,836
63527.04007,591,832
63527.04007,587,836
63527.04007,585,832
63527.04007,585,832
63527.04007,585,836
63527.04007,585,832
63527.04007,584,832
63527.04007,582,836
63527.04007,579,832
63527.05529,577,832
63527.05529,575,836
63527.05529,576,832
63527.05529,575,832
63527.05529,575,836
63527.05529,576,832
63527.05529,578,832
63527.05529,578,836
63527.05529,578,832
63527.05529,576,832
63527.05529,577,836
63527.05529,580,832
63527.05529,583,832
63527.05529,583,836
63527.05529,581,832
63527.05529,579,832
63527.06799,577,836
63527.06799,577,832
63527.06799,577,832
63527.06799,577,836
63527.06799,577,832
63527.06799,578,832
63527.06799,576,836
63527.06799,575,832
63527.06799,572,836
63527.06799,571,832
63527.06799,571,832
63527.06799,574,836
63527.06799,576,832
63527.06799,578,832
63527.06799,577,836
63527.06799,575,832
63527.08088,573,832
63527.08088,573,836
63527.08088,573,832
63527.08088,573,832
63527.08088,573,836
63527.08088,573,832
63527.08088,572,832
63527.08088,572,836
63527.08088,571,832
63527.08088,569,832
63527.08088,570,836
63527.08088,572,832
63527.08088,572,832
63527.08088,573,836
63527.08088,574,832
63527.08088,574,832
63527.09242,574,836
63527.09242,574,832
63527.09242,577,832
63527.09242,578,836
63527.09242,577,832
63527.09242,578,832
63527.09242,577,836
63527.09242,577,832
63527.09242,577,836
63527.09242,574,832
63527.09242,571,832
63527.09242,570,836
63527.09242,571,832
63527.09242,572,832
63527.09242,571,836
63527.09242,569,832
63527.10933,569,832
63527.10933,568,836
63527.10933,569,832
63527.10933,571,832
63527.10933,570,836
63527.10933,571,832
63527.10933,572,832
63527.10933,570,836
63527.10933,571,832
63527.10933,571,832
63527.10933,570,836
63527.10933,572,832
63527.10933,571,832
63527.10933,572,836
63527.10933,572,832
63527.10933,568,832
63527.1243,566,836
63527.1243,565,832
63527.1243,565,832
63527.1243,566,836
63527.1243,566,832
63527.1243,566,832
63527.1243,567,836
63527.1243,566,832
63527.1243,567,836
63527.1243,570,832
63527.1243,571,832
63527.1243,572,836
63527.1243,571,832
63527.1243,569,832
63527.1243,569,836
63527.1243,568,832
63527.13341,568,832
63527.13341,568,836
63527.13341,567,832
63527.13341,568,832
63527.13341,570,836
63527.13341,569,832
63527.13341,570,832
63527.13341,569,836
63527.13341,568,832
63527.13341,568,832
63527.13341,570,836
63527.13341,573,832
63527.13341,575,832
63527.13341,576,836
63527.13341,578,832
63527.13341,578,832
63527.14977,576,836
63527.14977,575,832
63527.14977,574,832
63527.14977,574,836
63527.14977,575,832
63527.14977,573,832
63527.14977,572,836
63527.14977,570,832
63527.14977,567,832
63527.14977,566,836
63527.14977,566,832
63527.14977,569,836
63527.14977,571,832
63527.14977,572,832
63527.14977,574,836
63527.14977,576,832
63527.1624,576,832
63527.1624,575,836
63527.1624,573,832
63527.1624,573,832
63527.1624,573,836
63527.1624,572,832
63527.1624,571,832
63527.1624,570,836
63527.1624,567,832
63527.1624,564,832
63527.1624,562,848
63527.1624,562,820
63527.1624,564,832
63527.1624,563,836
63527.1624,563,832
63527.1624,563,832
63527.17514,561,836
63527.17514,559,832
63527.17514,557,832
63527.17514,554,836
63527.17514,554,832
63527.17514,553,832
63527.17514,553,836
63527.17514,553,832
63527.17514,552,836
63527.17514,552,832
63527.17514,552,832
63527.17514,552,836
63527.17514,554,832
63527.17514,555,832
63527.17514,556,836
63527.17514,557,832
63527.18661,556,832
63527.18661,555,836
63527.18661,555,832
63527.18661,555,832
63527.18661,557,836
63527.18661,557,832
63527.18661,558,832
63527.18661,560,836
63527.18661,561,832
63527.18661,561,832
63527.18661,558,836
63527.18661,557,832
63527.18661,558,832
63527.18661,560,836
63527.18661,559,832
63527.18661,560,832
63527.20322,561,836
63527.20322,561,832
63527.20322,561,832
63527.20322,560,836
63527.20322,560,832
63527.20322,559,832
63527.20322,559,836
63527.20322,561,832
63527.20322,560,836
63527.20322,556,832
63527.20322,555,832
63527.20322,555,836
63527.20322,556,832
63527.20322,558,832
63527.20322,559,836
63527.20322,559,832
63527.21579,558,832
63527.21579,558,836
63527.21579,558,832
63527.21579,558,832
63527.21579,557,836
63527.21579,558,832
63527.21579,556,832
63527.21579,555,836
63527.21579,553,832
63527.21579,552,832
63527.21579,550,836
63527.21579,548,832
63527.21579,547,832
63527.21579,550,836
63527.21579,551,832
63527.21579,552,832
63527.2318,555,836
63527.2318,554,832
63527.2318,554,832
63527.2318,552,836
63527.2318,551,832
63527.2318,554,832
63527.2318,553,836
63527.2318,552,832
63527.2318,553,836
63527.2318,552,832
63527.2318,551,832
63527.2318,549,836
63527.2318,547,832
63527.2318,548,832
63527.2318,548,836
63527.2318,548,832
63527.24478,550,832
63527.24478,549,836
63527.24478,548,832
63527.24478,551,832
63527.24478,552,836
63527.24478,553,832
63527.24478,553,832
63527.24478,552,836
63527.24478,555,832
63527.24478,554,832
63527.24478,553,836
63527.24478,552,832
63527.24478,551,832
63527.24478,552,836
63527.24478,553,832
63527.24478,551,832
63527.25613,552,836
63527.25613,551,832
63527.25613,549,832
63527.25613,549,836
63527.25613,547,832
63527.25613,547,832
63527.25613,550,836
63527.25613,551,832
63527.25613,554,832
63527.25613,555,836
63527.25613,554,832
63527.25613,555,836
63527.25613,554,832
63527.25613,555,832
63527.25613,557,836
63527.25613,558,832
63527.2687,559,832
63527.2687,562,836
63527.2687,562,832
63527.2687,562,832
63527.2687,561,836
63527.2687,561,832
63527.2687,564,832
63527.2687,564,836
63527.2687,566,832
63527.2687,567,832
63527.2687,569,836
63527.2687,569,832
63527.2687,568,832
63527.2687,566,836
63527.2687,567,832
63527.2687,571,832
63527.28137,573,836
63527.28137,575,832
63527.28137,575,832
63527.28137,576,836
63527.28137,576,832
63527.28137,577,832
63527.28137,579,836
63527.28137,582,832
63527.28137,586,836
63527.28137,591,832
63527.28137,594,832
63527.28137,595,836
63527.28137,598,832
63527.28137,600,832
63527.28137,606,836
63527.28137,613,832
63527.29794,616,832
63527.29794,621,836
63527.29794,623,832
63527.29794,622,832
63527.29794,623,836
63527.29794,627,832
63527.29794,631,832
63527.29794,638,836
63527.29794,643,832
63527.29794,648,832
63527.29794,652,836
63527.29794,655,832
63527.29794,658,832
63527.29794,660,836
63527.29794,664,832
63527.29794,670,832
63527.30943,676,836
63527.30943,682,832
63527.30943,689,832
63527.30943,693,836
63527.30943,696,832
63527.30943,699,832
63527.30943,702,836
63527.30943,708,832
63527.30943,712,836
63527.30943,717,832
63527.30943,722,832
63527.30943,725,836
63527.30943,727,832
63527.30943,729,832
63527.30943,729,836
63527.30943,732,832
63527.32219,735,832
63527.32219,737,836
63527.32219,740,832
63527.32219,739,832
63527.32219,739,836
63527.32219,740,832
63527.32219,741,844
63527.32219,745,824
63527.32219,748,832
63527.32219,750,832
63527.32219,752,836
63527.32219,752,832
63527.32219,751,832
63527.32219,752,836
63527.32219,750,832
63527.32219,750,832
63527.33828,751,836
63527.33828,752,832
63527.33828,752,832
63527.33828,751,836
63527.33828,747,832
63527.33828,744,832
63527.33828,740,836
63527.33828,739,832
63527.33828,740,832
63527.33828,739,836
63527.33828,738,832
63527.33828,737,836
63527.33828,736,832
63527.33828,734,832
63527.33828,732,836
63527.33828,730,832
63527.35028,729,832
63527.35028,729,836
63527.35028,730,832
63527.35028,730,832
63527.35028,726,836
63527.35028,721,832
63527.35028,717,832
63527.35028,712,836
63527.35028,711,832
63527.35028,707,832
63527.35028,704,836
63527.35028,700,832
63527.35028,696,832
63527.35028,691,836
63527.35028,687,832
63527.35028,684,832
63527.36309,683,836
63527.36309,684,832
63527.36309,684,832
63527.36309,684,836
63527.36309,681,832
63527.36309,677,832
63527.36309,673,836
63527.36309,670,832
63527.36309,670,832
63527.36309,670,836
63527.36309,669,832
63527.36309,667,836
63527.36309,666,832
63527.36309,663,832
63527.36309,661,836
63527.36309,656,832
63527.37465,655,832
63527.37465,655,836
63527.37465,656,832
63527.37465,658,832
63527.37465,658,836
63527.37465,656,832
63527.37465,651,832
63527.37465,648,836
63527.37465,646,832
63527.37465,646,832
63527.37465,644,836
63527.37465,641,832
63527.37465,638,832
63527.37465,633,836
63527.37465,629,832
63527.37465,624,832
63527.38733,621,836
63527.38733,619,832
63527.38733,618,832
63527.38733,619,836
63527.38733,619,832
63527.38733,617,832
63527.38733,614,836
63527.38733,612,832
63527.38733,610,836
63527.38733,612,832
63527.38733,610,832
63527.38733,611,836
63527.38733,610,832
63527.38733,609,832
63527.38733,608,836
63527.38733,605,832
63527.40379,604,832
63527.40379,602,836
63527.40379,602,832
63527.40379,601,832
63527.40379,602,836
63527.40379,598,832
63527.40379,596,832
63527.40379,594,836
63527.40379,593,832
63527.40379,594,832
63527.40379,595,836
63527.40379,596,832
63527.40379,597,832
63527.40379,596,836
63527.40379,595,832
63527.40379,593,832
63527.41653,590,836
63527.41653,589,832
63527.41653,587,832
63527.41653,586,836
63527.41653,587,832
63527.41653,585,832
63527.41653,585,836
63527.41653,581,832
63527.41653,576,836
63527.41653,574,832
63527.41653,575,832
63527.41653,573,836
63527.41653,574,832
63527.41653,574,832
63527.41653,574,836
63527.41653,575,832
63527.42802,574,832
63527.42802,573,836
63527.42802,572,832
63527.42802,571,832
63527.42802,574,836
63527.42802,576,832
63527.42802,576,832
63527.42802,574,836
63527.42802,570,832
63527.42802,568,832
63527.42802,569,836
63527.42802,566,832
63527.42802,566,832
63527.42802,565,836
63527.42802,564,832
63527.42802,563,832
63527.44336,561,836
63527.44336,560,832
63527.44336,561,832
63527.44336,561,836
63527.44336,561,832
63527.44336,562,832
63527.44336,561,836
63527.44336,560,832
63527.44336,557,836
63527.44336,555,832
63527.44336,554,832
63527.44336,555,836
63527.44336,557,832
63527.44336,559,832
63527.44336,559,836
63527.44336,557,832
63527.4531,553,832
63527.4531,548,836
63527.4531,546,832
63527.4531,546,832
63527.4531,546,836
63527.4531,549,832
63527.4531,550,832
63527.4531,550,836
63527.4531,550,832
63527.4531,548,832
63527.4531,550,836
63527.4531,549,832
63527.4531,549,832
63527.4531,549,836
63527.4531,549,832
63527.4531,548,832
63527.46964,547,836
63527.46964,545,832
63527.46964,543,832
63527.46964,542,836
63527.46964,541,832
63527.46964,543,832
63527.46964,543,836
63527.46964,543,832
63527.46964,541,832
63527.46964,537,836
63527.46964,536,832
63527.46964,538,836
63527.46964,541,832
63527.46964,545,832
63527.46964,547,836
63527.46964,548,832
63527.48227,549,832
63527.48227,545,836
63527.48227,544,832
63527.48227,543,832
63527.48227,543,836
63527.48227,543,832
63527.48227,546,832
63527.48227,547,836
63527.48227,547,832
63527.48227,543,832
63527.48227,540,836
63527.48227,540,832
63527.48227,541,832
63527.48227,543,836
63527.48227,546,832
63527.48227,545,832
63527.49374,546,836
63527.49374,542,832
63527.49374,539,832
63527.49374,538,836
63527.49374,539,832
63527.49374,540,832
63527.49374,542,836
63527.49374,544,832
63527.49374,545,836
63527.49374,543,832
63527.49374,541,832
63527.49374,542,836
63527.49374,539,832
63527.49374,541,832
63527.49374,540,836
63527.49374,539,832
63527.50632,539,832
63527.50632,538,836
63527.50632,537,832
63527.50632,536,832
63527.50632,538,836
63527.50632,537,832
63527.50632,540,832
63527.50632,541,836
63527.50632,542,832
63527.50632,541,832
63527.50632,539,836
63527.50632,538,832
63527.50632,538,832
63527.50632,540,848
63527.50632,541,820
63527.50632,541,832
63527.52254,539,836
63527.52254,539,832
63527.52254,534,832
63527.52254,531,836
63527.52254,530,832
63527.52254,530,832
63527.52254,532,836
63527.52254,534,832
63527.52254,538,836
63527.52254,538,832
63527.52254,537,832
63527.52254,532,836
63527.52254,531,832
63527.52254,529,832
63527.52254,529,836
63527.52254,533,832
63527.5352,533,832
63527.5352,533,836
63527.5352,528,832
63527.5352,525,832
63527.5352,522,836
63527.5352,522,832
63527.5352,523,832
63527.5352,525,836
63527.5352,527,832
63527.5352,529,832
63527.5352,531,836
63527.5352,529,832
63527.5352,528,832
63527.5352,527,836
63527.5352,529,832
63527.5352,531,832
63527.54779,532,836
63527.54779,532,832
63527.54779,531,832
63527.54779,528,836
63527.54779,526,832
63527.54779,526,832
63527.54779,525,836
63527.54779,525,832
63527.54779,525,832
63527.54779,525,836
63527.54779,525,832
63527.54779,523,836
63527.54779,522,832
63527.54779,522,832
63527.54779,522,836
63527.54779,523,832
63527.55918,526,832
63527.55918,528,836
63527.55918,530,832
63527.55918,527,832
63527.55918,524,836
63527.55918,524,832
63527.55918,522,832
63527.55918,524,836
63527.55918,523,832
63527.55918,522,832
63527.55918,522,836
63527.55918,519,832
63527.55918,514,832
63527.55918,509,836
63527.55918,507,832
63527.55918,508,832
63527.57552,511,836
63527.57552,513,832
63527.57552,515,832
63527.57552,517,836
63527.57552,516,832
63527.57552,513,832
63527.57552,512,836
63527.57552,515,832
63527.57552,515,836
63527.57552,517,832
63527.57552,517,832
63527.57552,515,836
63527.57552,514,832
63527.57552,510,832
63527.57552,509,836
63527.57552,508,832
63527.58824,507,832
63527.58824,508,836
63527.58824,511,832
63527.58824,509,832
63527.58824,507,836
63527.58824,504,832
63527.58824,504,832
63527.58824,508,836
63527.58824,510,832
63527.58824,513,832
63527.58824,516,836
63527.58824,517,832
63527.58824,515,832
63527.58824,512,836
63527.58824,510,832
63527.58824,511,832
63527.60079,510,836
63527.60079,510,832
63527.60079,513,832
63527.60079,513,836
63527.60079,512,832
63527.60079,508,832
63527.60079,505,836
63527.60079,505,832
63527.60079,507,832
63527.60079,509,836
63527.60079,512,832
63527.60079,512,836
63527.60079,509,832
63527.60079,508,832
63527.60079,506,836
63527.60079,506,832
63527.61735,505,832
63527.61735,504,836
63527.61735,507,832
63527.61735,508,832
63527.61735,507,836
63527.61735,504,832
63527.61735,500,832
63527.61735,498,836
63527.61735,500,832
63527.61735,499,832
63527.61735,501,836
63527.61735,502,832
63527.61735,502,832
63527.61735,503,836
63527.61735,503,832
63527.61735,504,832
63527.62882,507,836
63527.62882,507,832
63527.62882,509,832
63527.62882,511,836
63527.62882,510,832
63527.62882,508,832
63527.62882,504,836
63527.62882,502,832
63527.62882,505,832
63527.62882,505,836
63527.62882,505,832
63527.62882,506,836
63527.62882,504,832
63527.62882,503,832
63527.62882,503,836
63527.62882,501,832
63527.64147,501,832
63527.64147,500,836
63527.64147,503,832
63527.64147,507,832
63527.64147,509,836
63527.64147,508,832
63527.64147,507,832
63527.64147,505,836
63527.64147,504,832
63527.64147,508,832
63527.64147,509,836
63527.64147,511,832
63527.64147,511,832
63527.64147,511,836
63527.64147,511,832
63527.64147,509,832
63527.65415,507,836
63527.65415,507,832
63527.65415,508,832
63527.65415,511,836
63527.65415,514,832
63527.65415,513,832
63527.65415,511,836
63527.65415,509,832
63527.65415,509,836
63527.65415,511,832
63527.65415,513,832
63527.65415,513,836
63527.65415,513,832
63527.65415,514,832
63527.65415,513,836
63527.65415,512,832
63527.6705,509,832
63527.6705,509,836
63527.6705,508,832
63527.6705,510,832
63527.6705,512,836
63527.6705,513,832
63527.6705,510,832
63527.6705,508,836
63527.6705,507,832
63527.6705,506,836
63527.6705,508,832
63527.6705,508,832
63527.6705,509,832
63527.6705,510,836
63527.6705,511,832
63527.6705,514,832
63527.68303,513,836
63527.68303,512,832
63527.68303,511,832
63527.68303,510,836
63527.68303,512,832
63527.68303,513,832
63527.68303,512,836
63527.68303,511,832
63527.68303,508,832
63527.68303,505,836
63527.68303,503,832
63527.68303,501,836
63527.68303,500,832
63527.68303,503,832
63527.68303,507,836
63527.68303,509,832
63527.69454,509,832
63527.69454,506,836
63527.69454,505,832
63527.69454,504,832
63527.69454,503,836
63527.69454,504,832
63527.69454,503,832
63527.69454,501,836
63527.69454,501,832
63527.69454,503,832
63527.69454,501,836
63527.69454,498,832
63527.69454,498,832
63527.69454,497,836
63527.69454,500,832
63527.69454,497,832
63527.71088,498,836
63527.71088,498,832
63527.71088,499,832
63527.71088,502,836
63527.71088,504,832
63527.71088,506,832
63527.71088,507,836
63527.71088,508,832
63527.71088,508,832
63527.71088,508,836
63527.71088,506,832
63527.71088,504,836
63527.71088,502,832
63527.71088,501,832
63527.71088,502,836
63527.71088,501,832
63527.72359,499,832
63527.72359,500,836
63527.72359,500,832
63527.72359,500,832
63527.72359,500,836
63527.72359,499,832
63527.72359,502,832
63527.72359,507,836
63527.72359,510,832
63527.72359,510,832
63527.72359,510,836
63527.72359,508,832
63527.72359,509,832
63527.72359,508,836
63527.72359,508,832
63527.72359,509,832
63527.7361,510,836
63527.7361,510,832
63527.7361,509,832
63527.7361,507,836
63527.7361,504,832
63527.7361,506,832
63527.7361,505,836
63527.7361,506,832
63527.7361,505,836
63527.7361,504,832
63527.7361,504,832
63527.7361,503,836
63527.7361,503,832
63527.7361,504,832
63527.7361,506,836
63527.7361,509,832
63527.74762,512,832
63527.74762,514,836
63527.74762,514,832
63527.74762,511,832
63527.74762,509,836
63527.74762,506,832
63527.74762,503,832
63527.74762,500,836
63527.74762,499,832
63527.74762,498,832
63527.74762,498,836
63527.74762,497,832
63527.74762,498,832
63527.74762,498,836
63527.74762,500,832
63527.74762,501,832
63527.76511,503,836
63527.76511,502,832
63527.76511,502,832
63527.76511,502,836
63527.76511,502,832
63527.76511,502,832
63527.76511,501,836
63527.76511,502,832
63527.76511,505,836
63527.76511,506,832
63527.76511,505,832
63527.76511,505,836
63527.76511,502,832
63527.76511,501,832
63527.76511,497,836
63527.76511,495,832
63527.77643,496,832
63527.77643,497,836
63527.77643,499,832
63527.77643,502,832
63527.77643,504,836
63527.77643,505,832
63527.77643,506,832
63527.77643,507,836
63527.77643,507,832
63527.77643,505,832
63527.77643,503,836
63527.77643,503,832
63527.77643,502,832
63527.77643,501,836
63527.77643,501,832
63527.77643,500,832
63527.78901,501,836
63527.78901,502,832
63527.78901,503,832
63527.78901,502,836
63527.78901,500,832
63527.78901,498,832
63527.78901,497,836
63527.78901,497,832
63527.78901,499,836
63527.78901,500,832
63527.78901,499,832
63527.78901,501,836
63527.78901,502,832
63527.78901,501,832
63527.78901,501,836
63527.78901,501,832
63527.80548,499,832
63527.80548,499,836
63527.80548,498,832
63527.80548,498,832
63527.80548,497,836
63527.80548,496,832
63527.80548,499,832
63527.80548,500,836
63527.80548,503,832
63527.80548,507,832
63527.80548,510,836
63527.80548,513,832
63527.80548,513,832
63527.80548,512,836
63527.80548,510,832
63527.80548,508,832
63527.81822,507,836
63527.81822,508,832
63527.81822,508,832
63527.81822,509,836
63527.81822,510,832
63527.81822,510,832
63527.81822,510,836
63527.81822,510,832
63527.81822,509,836
63527.81822,508,832
63527.81822,507,832
63527.81822,504,836
63527.81822,502,832
63527.81822,502,832
63527.81822,501,836
63527.81822,501,832
63527.82967,505,832
63527.82967,507,836
63527.82967,510,832
63527.82967,511,832
63527.82967,510,836
63527.82967,508,832
63527.82967,504,832
63527.82967,500,836
63527.82967,498,832
63527.82967,497,832
63527.82967,495,836
63527.82967,495,832
63527.82967,495,832
63527.82967,495,836
63527.82967,496,832
63527.82967,497,832
63527.84244,499,836
63527.84244,498,832
63527.84244,499,832
63527.84244,499,836
63527.84244,500,832
63527.84244,501,832
63527.84244,500,836
63527.84244,501,832
63527.84244,503,832
63527.84244,507,836
63527.84244,507,832
63527.84244,508,836
63527.84244,509,832
63527.84244,508,832
63527.84244,506,836
63527.84244,505,832
63527.85512,503,832
63527.85512,501,836
63527.85512,499,832
63527.85512,501,832
63527.85512,502,836
63527.85512,505,832
63527.85512,509,832
63527.85512,509,836
63527.85512,508,832
63527.85512,507,832
63527.85512,507,836
63527.85512,507,832
63527.85512,506,832
63527.85512,505,836
63527.85512,503,832
63527.85512,502,832
63527.87022,501,848
63527.87022,502,820
63527.87022,503,832
63527.87022,506,836
63527.87022,508,832
63527.87022,507,832
63527.87022,510,836
63527.87022,510,832
63527.87022,509,836
63527.87022,507,832
63527.87022,506,832
63527.87022,505,836
63527.87022,508,832
63527.87022,510,832
63527.87022,511,836
63527.87022,510,832
63527.88277,508,832
63527.88277,507,836
63527.88277,504,832
63527.88277,502,832
63527.88277,501,836
63527.88277,500,832
63527.88277,501,832
63527.88277,501,836
63527.88277,500,832
63527.88277,502,832
63527.88277,504,836
63527.88277,508,832
63527.88277,511,832
63527.88277,512,836
63527.88277,511,832
63527.88277,510,832
63527.89539,509,836
63527.89539,510,832
63527.89539,509,832
63527.89539,510,836
63527.89539,511,832
63527.89539,512,832
63527.89539,512,836
63527.89539,512,832
63527.89539,511,836
63527.89539,508,832
63527.89539,507,832
63527.89539,504,836
63527.89539,503,832
63527.89539,502,832
63527.89539,503,836
63527.89539,502,832
63527.90806,503,832
63527.90806,506,836
63527.90806,509,832
63527.90806,512,832
63527.90806,515,836
63527.90806,516,832
63527.90806,514,832
63527.90806,512,836
63527.90806,510,832
63527.90806,507,832
63527.90806,507,836
63527.90806,506,832
63527.90806,507,832
63527.90806,510,836
63527.90806,513,832
63527.90806,513,832
63527.91943,513,836
63527.91943,512,832
63527.91943,512,832
63527.91943,510,836
63527.91943,508,832
63527.91943,506,832
63527.91943,506,836
63527.91943,507,832
63527.91943,509,832
63527.91943,511,836
63527.91943,514,832
63527.91943,515,836
63527.91943,514,832
63527.91943,513,832
63527.91943,513,836
63527.91943,510,832
63527.93601,508,832
63527.93601,506,836
63527.93601,505,832
63527.93601,502,832
63527.93601,502,836
63527.93601,502,832
63527.93601,505,832
63527.93601,506,836
63527.93601,508,832
63527.93601,510,832
63527.93601,510,836
63527.93601,511,832
63527.93601,512,832
63527.93601,512,836
63527.93601,513,832
63527.93601,513,832
63527.94862,511,836
63527.94862,511,832
63527.94862,510,832
63527.94862,511,836
63527.94862,511,832
63527.94862,511,832
63527.94862,511,836
63527.94862,510,832
63527.94862,508,832
63527.94862,507,836
63527.94862,506,832
63527.94862,504,836
63527.94862,505,832
63527.94862,506,832
63527.94862,510,836
63527.94862,513,832
63527.96138,514,832
63527.96138,514,836
63527.96138,513,832
63527.96138,512,832
63527.96138,511,836
63527.96138,509,832
63527.96138,506,832
63527.96138,505,836
63527.96138,503,832
63527.96138,503,832
63527.96138,505,836
63527.96138,506,832
63527.96138,506,832
63527.96138,506,836
63527.96138,505,832
63527.96138,504,832
63527.97642,504,836
63527.97642,503,832
63527.97642,502,832
63527.97642,501,836
63527.97642,500,832
63527.97642,502,832
63527.97642,505,836
63527.97642,507,832
63527.97642,508,836
63527.97642,508,832
63527.97642,506,832
63527.97642,505,836
63527.97642,503,832
63527.97642,502,832
63527.97642,500,836
63527.97642,498,832
63527.98917,498,832
63527.98917,498,836
63527.98917,498,832
63527.98917,498,832
63527.98917,499,836
63527.98917,501,832
63527.98917,502,832
63527.98917,502,836
63527.98917,501,832
63527.98917,499,832
63527.98917,498,836
63527.98917,497,832
63527.98917,496,832
63527.98917,496,836
63527.98917,497,832
63527.98917,500,832
63528.00184,503,836
63528.00184,504,832
63528.00184,504,832
63528.00184,501,836
63528.00184,497,832
63528.00184,494,832
63528.00184,493,836
63528.00184,493,832
63528.00184,495,832
63528.00184,498,836
63528.00184,500,832
63528.00184,504,836
63528.00184,507,832
63528.00184,509,832
63528.00184,512,836
63528.00184,512,832
63528.01454,512,832
63528.01454,513,836
63528.01454,513,832
63528.01454,513,832
63528.01454,510,836
63528.01454,507,832
63528.01454,506,832
63528.01454,507,836
63528.01454,506,832
63528.01454,507,832
63528.01454,506,836
63528.01454,506,832
63528.01454,503,836
63528.01454,502,832
63528.01454,501,832
63528.01454,502,832
63528.02607,501,836
63528.02607,502,832
63528.02607,504,832
63528.02607,506,836
63528.02607,508,832
63528.02607,510,832
63528.02607,508,836
63528.02607,507,832
63528.02607,505,832
63528.02607,505,836
63528.02607,502,832
63528.02607,502,836
63528.02607,500,832
63528.02607,501,832
63528.02607,500,836
63528.02607,501,832
63528.04283,499,832
63528.04283,503,836
63528.04283,504,832
63528.04283,506,832
63528.04283,505,836
63528.04283,504,832
63528.04283,502,832
63528.04283,502,836
63528.04283,501,832
63528.04283,502,832
63528.04283,505,836
63528.04283,508,832
63528.04283,509,832
63528.04283,511,836
63528.04283,510,832
63528.04283,509,832
63528.05569,507,836
63528.05569,504,832
63528.05569,504,832
63528.05569,506,836
63528.05569,503,832
63528.05569,502,832
63528.05569,502,836
63528.05569,502,832
63528.05569,504,836
63528.05569,505,832
63528.05569,503,832
63528.05569,505,836
63528.05569,505,832
63528.05569,504,832
63528.05569,503,836
63528.05569,503,832
63528.06711,500,832
63528.06711,500,836
63528.06711,500,832
63528.06711,501,832
63528.06711,501,836
63528.06711,501,832
63528.06711,499,832
63528.06711,500,836
63528.06711,502,832
63528.06711,502,832
63528.06711,502,836
63528.06711,502,832
63528.06711,501,832
63528.06711,500,836
63528.06711,499,832
63528.06711,499,832
63528.0835,501,836
63528.0835,502,832
63528.0835,502,832
63528.0835,504,836
63528.0835,505,832
63528.0835,506,832
63528.0835,506,836
63528.0835,506,832
63528.0835,505,832
63528.0835,503,836
63528.0835,499,832
63528.0835,498,836
63528.0835,501,832
63528.0835,502,832
63528.0835,504,836
63528.0835,507,832
63528.09612,509,832
63528.09612,512,836
63528.09612,512,832
63528.09612,510,832
63528.09612,511,836
63528.09612,509,832
63528.09612,506,832
63528.09612,503,836
63528.09612,501,832
63528.09612,500,832
63528.09612,500,836
63528.09612,499,832
63528.09612,500,832
63528.09612,499,836
63528.09612,499,832
63528.09612,499,832
63528.10871,498,836
63528.10871,500,832
63528.10871,500,832
63528.10871,499,836
63528.10871,499,832
63528.10871,499,832
63528.10871,500,836
63528.10871,501,832
63528.10871,500,832
63528.10871,502,836
63528.10871,505,832
63528.10871,507,836
63528.10871,508,832
63528.10871,508,832
63528.10871,508,836
63528.10871,505,832
63528.1214,502,832
63528.1214,496,836
63528.1214,497,832
63528.1214,497,832
63528.1214,499,836
63528.1214,503,832
63528.1214,505,832
63528.1214,506,836
63528.1214,507,832
63528.1214,507,832
63528.1214,505,836
63528.1214,506,832
63528.1214,503,832
63528.1214,501,836
63528.1214,499,832
63528.1214,499,832
63528.1366,498,836
63528.1366,500,832
63528.1366,500,832
63528.1366,501,836
63528.1366,502,832
63528.1366,504,832
63528.1366,506,836
63528.1366,507,832
63528.1366,505,836
63528.1366,503,832
63528.1366,500,832
63528.1366,501,836
63528.1366,504,832
63528.1366,507,832
63528.1366,508,836
63528.1366,510,832
63528.14917,511,832
63528.14917,511,836
63528.14917,512,832
63528.14917,512,832
63528.14917,509,836
63528.14917,506,832
63528.14917,502,832
63528.14917,499,836
63528.14917,499,832
63528.14917,498,832
63528.14917,496,836
63528.14917,497,832
63528.14917,498,832
63528.14917,499,836
63528.14917,502,832
63528.14917,504,832
63528.16181,505,836
63528.16181,505,832
63528.16181,502,832
63528.16181,499,836
63528.16181,499,832
63528.16181,497,832
63528.16181,500,836
63528.16181,503,832
63528.16181,502,832
63528.16181,504,836
63528.16181,506,832
63528.16181,503,836
63528.16181,502,832
63528.16181,501,832
63528.16181,500,836
63528.16181,504,832
63528.17832,505,832
63528.17832,505,836
63528.17832,504,832
63528.17832,504,832
63528.17832,505,836
63528.17832,508,832
63528.17832,510,832
63528.17832,512,836
63528.17832,515,832
63528.17832,512,832
63528.17832,510,836
63528.17832,511,832
63528.17832,511,832
63528.17832,511,836
63528.17832,511,832
63528.17832,507,832
63528.19092,505,836
63528.19092,504,832
63528.19092,504,832
63528.19092,504,836
63528.19092,506,832
63528.19092,505,832
63528.19092,509,836
63528.19092,513,832
63528.19092,515,836
63528.19092,518,832
63528.19092,518,832
63528.19092,516,836
63528.19092,517,832
63528.19092,514,832
63528.19092,512,836
63528.19092,511,832
63528.20219,508,832
63528.20219,507,836
63528.20219,506,832
63528.20219,504,832
63528.20219,505,836
63528.20219,505,832
63528.20219,502,832
63528.20219,506,836
63528.20219,507,832
63528.20219,507,832
63528.20219,508,836
63528.20219,508,832
63528.20219,507,832
63528.20219,508,836
63528.20219,507,832
63528.20219,507,832
63528.21482,510,836
63528.21482,511,832
63528.21482,511,832
63528.21482,514,840
63528.21482,516,828
63528.21482,519,832
63528.21482,521,836
63528.21482,521,832
63528.21482,522,832
63528.21482,521,836
63528.21482,519,832
63528.21482,517,836
63528.21482,515,832
63528.21482,514,832
63528.21482,517,836
63528.21482,517,832
63528.23133,518,832
63528.23133,521,836
63528.23133,522,832
63528.23133,523,832
63528.23133,524,836
63528.23133,522,832
63528.23133,518,832
63528.23133,517,836
63528.23133,513,832
63528.23133,510,832
63528.23133,508,836
63528.23133,505,832
63528.23133,506,832
63528.23133,507,836
63528.23133,509,832
63528.23133,511,832
63528.244,512,836
63528.244,515,832
63528.244,518,832
63528.244,517,836
63528.244,517,832
63528.244,516,832
63528.244,514,836
63528.244,512,832
63528.244,512,836
63528.244,513,832
63528.244,515,832
63528.244,517,836
63528.244,517,832
63528.244,518,832
63528.244,516,836
63528.244,515,832
63528.25545,515,832
63528.25545,512,836
63528.25545,511,832
63528.25545,510,832
63528.25545,507,836
63528.25545,505,832
63528.25545,503,832
63528.25545,506,836
63528.25545,508,832
63528.25545,511,832
63528.25545,515,836
63528.25545,514,832
63528.25545,516,832
63528.25545,515,836
63528.25545,514,832
63528.25545,516,832
63528.27188,515,836
63528.27188,513,832
63528.27188,513,832
63528.27188,512,836
63528.27188,513,832
63528.27188,514,832
63528.27188,511,836
63528.27188,512,832
63528.27188,510,832
63528.27188,508,836
63528.27188,509,832
63528.27188,508,836
63528.27188,506,832
63528.27188,506,832
63528.27188,507,836
63528.27188,508,832
63528.28457,511,832
63528.28457,509,836
63528.28457,513,832
63528.28457,515,832
63528.28457,515,836
63528.28457,516,832
63528.28457,514,832
63528.28457,512,836
63528.28457,508,832
63528.28457,505,832
63528.28457,505,836
63528.28457,506,832
63528.28457,507,832
63528.28457,505,836
63528.28457,506,832
63528.28457,504,832
63528.29722,505,836
63528.29722,505,832
63528.29722,507,832
63528.29722,508,836
63528.29722,508,832
63528.29722,508,832
63528.29722,505,836
63528.29722,502,832
63528.29722,500,836
63528.29722,501,832
63528.29722,499,832
63528.29722,499,836
63528.29722,498,832
63528.29722,497,832
63528.29722,498,836
63528.29722,497,832
63528.30963,501,832
63528.30963,502,836
63528.30963,503,832
63528.30963,501,832
63528.30963,500,836
63528.30963,501,832
63528.30963,500,832
63528.30963,502,836
63528.30963,502,832
63528.30963,503,832
63528.30963,502,836
63528.30963,504,832
63528.30963,505,832
63528.30963,508,836
63528.30963,510,832
63528.30963,509,832
63528.3261,508,836
63528.3261,501,832
63528.3261,498,832
63528.3261,497,836
63528.3261,497,832
63528.3261,499,832
63528.3261,501,836
63528.3261,502,832
63528.3261,502,832
63528.3261,505,836
63528.3261,507,832
63528.3261,509,836
63528.3261,512,832
63528.3261,512,832
63528.3261,511,836
63528.3261,508,832
63528.33733,505,832
63528.33733,501,836
63528.33733,500,832
63528.33733,497,832
63528.33733,498,836
63528.33733,497,832
63528.33733,498,832
63528.33733,501,836
63528.33733,504,832
63528.33733,508,832
63528.33733,511,836
63528.33733,513,832
63528.33733,511,832
63528.33733,512,836
63528.33733,509,832
63528.33733,507,832
63528.34985,505,836
63528.34985,504,832
63528.34985,505,832
63528.34985,504,836
63528.34985,505,832
63528.34985,504,832
63528.34985,507,836
63528.34985,508,832
63528.34985,508,832
63528.34985,505,836
63528.34985,502,832
63528.34985,501,836
63528.34985,499,832
63528.34985,500,832
63528.34985,502,836
63528.34985,506,832
63528.36244,508,832
63528.36244,509,836
63528.36244,510,832
63528.36244,512,832
63528.36244,514,836
63528.36244,516,832
63528.36244,517,832
63528.36244,514,836
63528.36244,512,832
63528.36244,509,832
63528.36244,508,836
63528.36244,507,832
63528.36244,508,832
63528.36244,510,836
63528.36244,511,832
63528.36244,515,836
63528.3752,515,832
63528.3752,517,832
63528.3752,519,832
63528.3752,522,836
63528.3752,521,832
63528.3752,517,832
63528.3752,514,836
63528.3752,511,832
63528.3752,509,832
63528.3752,506,836
63528.3752,506,832
63528.3752,504,836
63528.3752,507,832
63528.3752,506,832
63528.3752,509,836
63528.3752,511,832
63528.39163,512,832
63528.39163,511,836
63528.39163,511,832
63528.39163,508,832
63528.39163,504,836
63528.39163,504,832
63528.39163,503,832
63528.39163,505,836
63528.39163,506,832
63528.39163,507,832
63528.39163,508,836
63528.39163,509,832
63528.39163,509,832
63528.39163,508,836
63528.39163,508,832
63528.39163,508,832
63528.40346,508,836
63528.40346,504,832
63528.40346,502,832
63528.40346,501,836
63528.40346,500,832
63528.40346,500,832
63528.40346,502,836
63528.40346,504,832
63528.40346,507,832
63528.40346,511,836
63528.40346,513,832
63528.40346,518,836
63528.40346,520,832
63528.40346,522,832
63528.40346,522,836
63528.40346,520,832
63528.41566,516,832
63528.41566,514,836
63528.41566,513,832
63528.41566,514,832
63528.41566,513,836
63528.41566,513,832
63528.41566,514,832
63528.41566,515,836
63528.41566,518,832
63528.41566,519,832
63528.41566,520,836
63528.41566,518,832
63528.41566,515,832
63528.41566,513,836
63528.41566,512,832
63528.41566,511,832
63528.42827,510,836
63528.42827,512,832
63528.42827,510,832
63528.42827,513,836
63528.42827,514,832
63528.42827,515,832
63528.42827,517,836
63528.42827,518,832
63528.42827,518,836
63528.42827,517,832
63528.42827,515,832
63528.42827,513,836
63528.42827,510,832
63528.42827,506,832
63528.42827,507,836
63528.42827,505,832
63528.44474,507,832
63528.44474,510,836
63528.44474,514,832
63528.44474,516,832
63528.44474,517,836
63528.44474,518,832
63528.44474,517,832
63528.44474,516,836
63528.44474,513,832
63528.44474,513,832
63528.44474,510,836
63528.44474,510,832
63528.44474,511,832
63528.44474,512,836
63528.44474,513,832
63528.44474,514,832
63528.45616,516,836
63528.45616,518,832
63528.45616,520,832
63528.45616,520,836
63528.45616,520,832
63528.45616,517,832
63528.45616,514,836
63528.45616,511,832
63528.45616,510,836
63528.45616,509,832
63528.45616,511,832
63528.45616,513,836
63528.45616,515,832
63528.45616,516,832
63528.45616,515,836
63528.45616,517,832
63528.46883,516,832
63528.46883,517,836
63528.46883,514,832
63528.46883,511,832
63528.46883,508,836
63528.46883,506,832
63528.46883,507,832
63528.46883,507,836
63528.46883,509,832
63528.46883,510,832
63528.46883,515,836
63528.46883,517,832
63528.46883,520,832
63528.46883,522,836
63528.46883,524,832
63528.46883,522,832
63528.48158,520,836
63528.48158,517,832
63528.48158,514,832
63528.48158,512,836
63528.48158,511,832
63528.48158,512,832
63528.48158,509,836
63528.48158,511,832
63528.48158,512,836
63528.48158,513,832
63528.48158,514,832
63528.48158,513,836
63528.48158,514,832
63528.48158,511,832
63528.48158,508,836
63528.48158,506,832
63528.49406,505,832
63528.49406,505,836
63528.49406,508,832
63528.49406,512,832
63528.49406,514,836
63528.49406,515,832
63528.49406,515,832
63528.49406,517,836
63528.49406,517,832
63528.49406,516,832
63528.49406,515,836
63528.49406,516,832
63528.49406,511,832
63528.49406,507,836
63528.49406,504,832
63528.49406,504,832
63528.5104,507,836
63528.5104,509,832
63528.5104,512,832
63528.5104,515,836
63528.5104,518,832
63528.5104,518,832
63528.5104,520,836
63528.5104,520,832
63528.5104,520,832
63528.5104,519,836
63528.5104,517,832
63528.5104,517,836
63528.5104,516,832
63528.5104,516,832
63528.5104,515,836
63528.5104,515,832
63528.52187,515,832
63528.52187,516,836
63528.52187,517,832
63528.52187,519,832
63528.52187,522,836
63528.52187,521,832
63528.52187,521,832
63528.52187,517,836
63528.52187,515,832
63528.52187,512,832
63528.52187,511,836
63528.52187,512,832
63528.52187,514,832
63528.52187,516,836
63528.52187,516,832
63528.52187,516,832
63528.53462,516,836
63528.53462,518,832
63528.53462,517,832
63528.53462,519,836
63528.53462,519,832
63528.53462,517,832
63528.53462,515,836
63528.53462,513,832
63528.53462,512,832
63528.53462,514,836
63528.53462,516,832
63528.53462,518,836
63528.53462,522,832
63528.53462,526,832
63528.53462,528,836
63528.53462,529,832
63528.55125,527,832
63528.55125,526,836
63528.55125,524,832
63528.55125,521,832
63528.55125,519,836
63528.55125,517,832
63528.55125,514,832
63528.55125,514,836
63528.55125,512,832
63528.55125,511,832
63528.55125,511,836
63528.55125,510,832
63528.55125,512,832
63528.55125,515,836
63528.55125,518,832
63528.55125,518,832
63528.56275,517,836
63528.56275,515,832
63528.56275,514,832
63528.56275,513,836
63528.56275,512,832
63528.56275,514,832
63528.56275,517,840
63528.56275,520,828
63528.56275,521,832
63528.56275,523,836
63528.56275,523,832
63528.56275,522,836
63528.56275,521,832
63528.56275,522,832
63528.56275,522,836
63528.56275,519,832
63528.57547,518,832
63528.57547,516,836
63528.57547,519,832
63528.57547,520,832
63528.57547,523,836
63528.57547,526,832
63528.57547,528,832
63528.57547,529,836
63528.57547,528,832
63528.57547,527,832
63528.57547,526,836
63528.57547,523,832
63528.57547,519,832
63528.57547,517,836
63528.57547,515,832
63528.57547,513,832
63528.58817,511,836
63528.58817,507,832
63528.58817,506,832
63528.58817,506,836
63528.58817,508,832
63528.58817,509,832
63528.58817,511,836
63528.58817,512,832
63528.58817,513,832
63528.58817,512,836
63528.58817,510,832
63528.58817,509,836
63528.58817,507,832
63528.58817,506,832
63528.58817,506,836
63528.58817,508,832
63528.60459,508,832
63528.60459,509,836
63528.60459,508,832
63528.60459,508,832
63528.60459,507,836
63528.60459,509,832
63528.60459,513,832
63528.60459,515,836
63528.60459,514,832
63528.60459,514,832
63528.60459,512,836
63528.60459,510,832
63528.60459,509,832
63528.60459,507,836
63528.60459,509,832
63528.60459,511,832
63528.61578,512,836
63528.61578,514,832
63528.61578,513,832
63528.61578,513,836
63528.61578,513,832
63528.61578,513,832
63528.61578,514,836
63528.61578,514,832
63528.61578,511,832
63528.61578,510,836
63528.61578,510,832
63528.61578,508,836
63528.61578,508,832
63528.61578,508,832
63528.61578,509,836
63528.61578,511,832
63528.62843,513,832
63528.62843,513,836
63528.62843,513,832
63528.62843,511,832
63528.62843,511,836
63528.62843,512,832
63528.62843,512,832
63528.62843,512,836
63528.62843,511,832
63528.62843,511,832
63528.62843,509,836
63528.62843,508,832
63528.62843,508,832
63528.62843,506,836
63528.62843,503,832
63528.62843,505,832
63528.64486,507,836
63528.64486,509,832
63528.64486,511,832
63528.64486,510,836
63528.64486,512,832
63528.64486,513,832
63528.64486,513,836
63528.64486,514,832
63528.64486,514,832
63528.64486,513,836
63528.64486,511,832
63528.64486,509,836
63528.64486,508,832
63528.64486,510,832
63528.64486,510,836
63528.64486,511,832
63528.65755,512,832
63528.65755,513,836
63528.65755,514,832
63528.65755,514,832
63528.65755,513,836
63528.65755,513,832
63528.65755,514,832
63528.65755,512,836
63528.65755,512,832
63528.65755,511,832
63528.65755,511,836
63528.65755,512,832
63528.65755,514,832
63528.65755,517,836
63528.65755,518,832
63528.65755,519,832
63528.67019,521,836
63528.67019,523,832
63528.67019,522,832
63528.67019,520,836
63528.67019,515,832
63528.67019,515,832
63528.67019,511,836
63528.67019,510,832
63528.67019,511,832
63528.67019,510,836
63528.67019,511,832
63528.67019,512,836
63528.67019,515,832
63528.67019,515,832
63528.67019,516,836
63528.67019,517,832
63528.68158,519,832
63528.68158,518,836
63528.68158,519,832
63528.68158,520,832
63528.68158,517,836
63528.68158,515,832
63528.68158,516,832
63528.68158,517,836
63528.68158,516,832
63528.68158,517,832
63528.68158,516,836
63528.68158,517,832
63528.68158,516,832
63528.68158,515,836
63528.68158,517,832
63528.68158,517,832
63528.69803,516,836
63528.69803,517,832
63528.69803,517,832
63528.69803,515,836
63528.69803,514,832
63528.69803,512,832
63528.69803,513,836
63528.69803,513,832
63528.69803,511,836
63528.69803,511,832
63528.69803,511,832
63528.69803,512,836
63528.69803,511,832
63528.69803,512,832
63528.69803,512,836
63528.69803,511,832
63528.71075,508,832
63528.71075,507,836
63528.71075,506,832
63528.71075,506,832
63528.71075,505,836
63528.71075,505,832
63528.71075,506,832
63528.71075,507,836
63528.71075,509,832
63528.71075,511,832
63528.71075,512,836
63528.71075,512,832
63528.71075,514,832
63528.71075,513,836
63528.71075,511,832
63528.71075,509,832
63528.72356,504,836
63528.72356,500,832
63528.72356,499,836
63528.72356,502,832
63528.72356,504,832
63528.72356,506,832
63528.72356,507,836
63528.72356,510,832
63528.72356,512,836
63528.72356,514,832
63528.72356,516,832
63528.72356,515,836
63528.72356,515,832
63528.72356,513,832
63528.72356,511,836
63528.72356,508,832
63528.73964,505,832
63528.73964,502,836
63528.73964,502,832
63528.73964,502,832
63528.73964,504,836
63528.73964,506,832
63528.73964,507,832
63528.73964,508,836
63528.73964,507,832
63528.73964,508,832
63528.73964,509,836
63528.73964,509,832
63528.73964,509,832
63528.73964,508,836
63528.73964,508,832
63528.73964,507,832
63528.75101,508,836
63528.75101,507,832
63528.75101,509,832
63528.75101,510,836
63528.75101,512,832
63528.75101,514,832
63528.75101,515,836
63528.75101,513,832
63528.75101,511,836
63528.75101,508,832
63528.75101,504,832
63528.75101,502,836
63528.75101,502,832
63528.75101,503,832
63528.75101,505,836
63528.75101,509,832
63528.76352,510,832
63528.76352,509,836
63528.76352,507,832
63528.76352,509,832
63528.76352,507,836
63528.76352,506,832
63528.76352,506,832
63528.76352,505,836
63528.76352,504,832
63528.76352,503,832
63528.76352,503,836
63528.76352,502,832
63528.76352,502,832
63528.76352,501,836
63528.76352,502,832
63528.76352,502,832
63528.77697,501,836
63528.77697,502,832
63528.77697,501,832
63528.77697,499,836
63528.77697,499,832
63528.77697,500,832
63528.77697,499,836
63528.77697,500,832
63528.77697,500,836
63528.77697,502,832
63528.77697,503,832
63528.77697,503,836
63528.77697,505,832
63528.77697,504,832
63528.77697,503,836
63528.77697,504,832
63528.79255,506,832
63528.79255,505,836
63528.79255,506,832
63528.79255,505,832
63528.79255,506,836
63528.79255,508,832
63528.79255,509,832
63528.79255,512,836
63528.79255,513,832
63528.79255,513,832
63528.79255,514,836
63528.79255,515,832
63528.79255,516,832
63528.79255,517,836
63528.79255,515,832
63528.79255,513,832
63528.80523,511,836
63528.80523,507,832
63528.80523,507,832
63528.80523,504,836
63528.80523,500,832
63528.80523,498,832
63528.80523,499,836
63528.80523,500,832
63528.80523,501,832
63528.80523,500,836
63528.80523,502,832
63528.80523,506,836
63528.80523,508,832
63528.80523,512,832
63528.80523,512,836
63528.80523,513,832
63528.81667,511,832
63528.81667,511,836
63528.81667,509,832
63528.81667,508,832
63528.81667,507,836
63528.81667,509,832
63528.81667,511,832
63528.81667,511,836
63528.81667,512,832
63528.81667,511,832
63528.81667,511,836
63528.81667,513,832
63528.81667,514,832
63528.81667,514,836
63528.81667,514,832
63528.81667,513,832
63528.82938,515,836
63528.82938,515,832
63528.82938,514,832
63528.82938,515,836
63528.82938,515,832
63528.82938,514,832
63528.82938,515,836
63528.82938,516,832
63528.82938,515,832
63528.82938,514,836
63528.82938,510,832
63528.82938,507,836
63528.82938,505,832
63528.82938,503,832
63528.82938,504,836
63528.82938,504,832
63528.8419,507,832
63528.8419,509,836
63528.8419,513,832
63528.8419,514,832
63528.8419,514,836
63528.8419,514,832
63528.8419,514,832
63528.8419,515,836
63528.8419,516,832
63528.8419,515,832
63528.8419,514,836
63528.8419,513,832
63528.8419,514,832
63528.8419,517,836
63528.8419,516,832
63528.8419,517,832
63528.8583,516,836
63528.8583,515,832
63528.8583,516,832
63528.8583,515,836
63528.8583,514,832
63528.8583,513,832
63528.8583,511,836
63528.8583,511,832
63528.8583,512,832
63528.8583,514,836
63528.8583,515,832
63528.8583,514,836
63528.8583,515,832
63528.8583,517,832
63528.8583,518,836
63528.8583,520,832
63481.8,451,832
63481.8,455,836
63481.8,458,832
63481.8,460,832
63481.8,458,836
63481.8,455,832
63481.8,452,832
63481.8,450,836
63481.8,447,832
63481.8,445,832
63481.8,443,836
63481.8,445,832
63481.8,448,832
63481.8,450,836
63481.8,453,832
63481.8,455,832
63481.81,457,836
63481.81,459,832
63481.81,459,832
63481.81,457,836
63481.81,454,832
63481.81,451,832
63481.81,450,836
63481.81,449,832
63481.81,448,832
63481.81,448,836
63481.81,450,832
63481.81,452,836
63481.81,456,832
63481.81,460,832
63481.81,462,836
63481.81,464,832
63481.83,463,832
63481.83,460,836
63481.83,459,832
63481.83,446,832
63481.83,442,836
63481.83,440,832
63481.83,440,832
63481.83,441,836
63481.83,443,832
63481.83,444,832
63481.83,446,836
63481.83,446,832
63481.83,447,832
63481.83,447,836
63481.83,447,832
63481.83,445,832
63481.84,444,836
63481.84,442,832
63481.84,440,832
63481.84,438,836
63481.84,436,832
63481.84,436,832
63481.84,438,836
63481.84,439,832
63481.84,441,836
63481.84,443,836
63481.84,446,828
63481.84,449,836
63481.84,450,832
63481.84,452,832
63481.84,452,836
63481.84,452,832
63481.85,454,832
63481.85,453,836
63481.85,451,832
63481.85,449,832
63481.85,447,836
63481.85,449,832
63481.85,450,832
63481.85,451,836
63481.85,453,832
63481.85,455,832
63481.85,457,836
63481.85,458,832
63481.85,457,832
63481.85,457,836
63481.85,456,832
63481.85,455,832
63481.86,455,836
63481.86,453,832
63481.86,452,832
63481.86,452,836
63481.86,452,832
63481.86,455,832
63481.86,456,836
63481.86,458,832
63481.86,459,832
63481.86,459,836
63481.86,459,832
63481.86,455,836
63481.86,450,832
63481.86,446,832
63481.86,444,836
63481.86,443,832
63481.87,442,832
63481.87,444,836
63481.87,447,832
63481.87,450,832
63481.87,453,836
63481.87,455,832
63481.87,457,832
63481.87,459,836
63481.87,460,832
63481.87,459,832
63481.87,456,836
63481.87,454,832
63481.87,452,832
63481.87,450,836
63481.87,449,832
63481.87,447,832
63481.89,448,836
63481.89,450,832
63481.89,453,832
63481.89,454,836
63481.89,457,832
63481.89,459,832
63481.89,461,836
63481.89,460,832
63481.89,457,832
63481.89,455,836
63481.89,453,832
63481.89,451,836
63481.89,448,832
63481.89,446,832
63481.89,448,836
63481.89,450,832
63481.9,452,832
63481.9,453,836
63481.9,453,832
63481.9,453,832
63481.9,453,836
63481.9,452,832
63481.9,449,832
63481.9,446,836
63481.9,444,832
63481.9,442,832
63481.9,441,836
63481.9,441,832
63481.9,440,832
63481.9,443,836
63481.9,444,832
63481.9,445,832
63481.92,446,836
63481.92,446,832
63481.92,447,832
63481.92,447,836
63481.92,446,832
63481.92,442,832
63481.92,438,836
63481.92,435,832
63481.92,432,832
63481.92,430,836
63481.92,429,832
63481.92,428,836
63481.92,430,832
63481.92,435,832
63481.92,438,836
63481.92,442,832
63481.93,446,832
63481.93,449,836
63481.93,450,832
63481.93,449,832
63481.93,448,836
63481.93,447,832
63481.93,445,832
63481.93,444,836
63481.93,444,832
63481.93,441,832
63481.93,442,836
63481.93,443,832
63481.93,444,832
63481.93,446,836
63481.93,446,832
63481.93,448,832
63481.94,448,836
63481.94,446,832
63481.94,445,832
63481.94,443,836
63481.94,443,832
63481.94,442,832
63481.94,442,836
63481.94,441,832
63481.94,441,832
63481.94,443,836
63481.94,443,832
63481.94,445,836
63481.94,447,832
63481.94,449,832
63481.94,450,836
63481.94,448,832
63481.96,445,832
63481.96,441,836
63481.96,437,832
63481.96,436,832
63481.96,434,836
63481.96,436,832
63481.96,438,832
63481.96,441,836
63481.96,445,832
63481.96,447,832
63481.96,448,836
63481.96,449,832
63481.96,448,832
63481.96,447,836
63481.96,443,832
63481.96,441,832
63481.97,438,836
63481.97,438,832
63481.97,438,832
63481.97,437,836
63481.97,436,832
63481.97,437,832
63481.97,438,836
63481.97,438,832
63481.97,440,832
63481.97,442,836
63481.97,443,832
63481.97,445,836
63481.97,446,832
63481.97,445,832
63481.97,444,836
63481.97,443,832
63481.98,443,832
63481.98,445,836
63481.98,446,832
63481.98,445,832
63481.98,446,836
63481.98,446,832
63481.98,447,832
63481.98,447,836
63481.98,447,832
63481.98,446,832
63481.98,446,836
63481.98,444,832
63481.98,441,832
63481.98,440,836
63481.98,441,832
63481.98,442,832
63482,442,836
63482,441,832
63482,440,832
63482,439,836
63482,440,832
63482,440,836
63482,441,832
63482,442,832
63482,441,832
63482,441,836
63482,443,832
63482,442,836
63482,440,832
63482,439,832
63482,439,836
63482,438,832
63482.01,439,832
63482.01,439,836
63482.01,443,832
63482.01,447,832
63482.01,450,836
63482.01,451,832
63482.01,454,832
63482.01,456,836
63482.01,457,832
63482.01,458,832
63482.01,458,836
63482.01,456,832
63482.01,453,832
63482.01,453,836
63482.01,452,832
63482.01,452,832
63482.02,452,836
63482.02,452,832
63482.02,454,832
63482.02,455,836
63482.02,453,832
63482.02,454,832
63482.02,451,836
63482.02,449,832
63482.02,447,836
63482.02,444,832
63482.02,445,832
63482.02,445,836
63482.02,445,832
63482.02,444,832
63482.02,443,836
63482.02,445,832
63482.04,446,832
63482.04,445,836
63482.04,446,832
63482.04,445,832
63482.04,445,836
63482.04,445,832
63482.04,444,832
63482.04,446,836
63482.04,445,832
63482.04,446,832
63482.04,446,836
63482.04,448,832
63482.04,451,832
63482.04,450,836
63482.04,451,832
63482.04,451,832
63482.05,450,836
63482.05,450,832
63482.05,451,832
63482.05,452,836
63482.05,452,832
63482.05,451,832
63482.05,450,836
63482.05,449,832
63482.05,451,836
63482.05,452,832
63482.05,452,832
63482.05,454,836
63482.05,454,832
63482.05,455,832
63482.05,456,836
63482.05,458,832
63482.07,459,832
63482.07,460,836
63482.07,461,832
63482.07,461,832
63482.07,461,836
63482.07,460,832
63482.07,458,832
63482.07,456,836
63482.07,454,832
63482.07,451,832
63482.07,450,836
63482.07,450,832
63482.07,451,832
63482.07,451,836
63482.07,452,832
63482.07,451,832
63482.08,451,836
63482.08,453,832
63482.08,453,832
63482.08,451,836
63482.08,448,832
63482.08,447,832
63482.08,446,836
63482.08,448,832
63482.08,448,832
63482.08,449,836
63482.08,452,832
63482.08,453,836
63482.08,452,832
63482.08,452,832
63482.08,451,836
63482.08,449,832
63482.09,449,832
63482.09,447,836
63482.09,448,832
63482.09,452,832
63482.09,456,836
63482.09,460,832
63482.09,462,832
63482.09,464,836
63482.09,466,832
63482.09,469,832
63482.09,472,836
63482.09,471,832
63482.09,472,832
63482.09,471,836
63482.09,470,832
63482.09,467,832
63482.1,465,836
63482.1,462,832
63482.1,461,832
63482.1,461,836
63482.1,461,832
63482.1,462,832
63482.1,464,836
63482.1,466,832
63482.1,467,832
63482.1,467,836
63482.1,466,832
63482.1,465,836
63482.1,465,832
63482.1,466,832
63482.1,464,836
63482.1,466,832
63482.12,468,832
63482.12,470,836
63482.12,473,832
63482.12,475,832
63482.12,474,836
63482.12,476,832
63482.12,477,832
63482.12,479,836
63482.12,479,832
63482.12,480,832
63482.12,481,836
63482.12,483,832
63482.12,482,832
63482.12,482,836
63482.12,483,832
63482.12,486,832
63482.13,487,836
63482.13,487,832
63482.13,485,832
63482.13,486,836
63482.13,486,832
63482.13,488,832
63482.13,487,836
63482.13,486,832
63482.13,484,836
63482.13,481,832
63482.13,480,832
63482.13,480,836
63482.13,478,832
63482.13,477,832
63482.13,477,836
63482.13,477,832
63482.14,475,832
63482.14,475,836
63482.14,476,832
63482.14,477,832
63482.14,465,836
63482.14,462,832
63482.14,463,832
63482.14,465,836
63482.14,468,832
63482.14,468,832
63482.14,467,836
63482.14,467,832
63482.14,466,832
63482.14,466,836
63482.14,467,832
63482.14,466,832
63482.16,465,836
63482.16,466,832
63482.16,468,832
63482.16,469,836
63482.16,469,832
63482.16,467,832
63482.16,467,836
63482.16,467,832
63482.16,466,832
63482.16,465,836
63482.16,466,832
63482.16,468,836
63482.16,471,832
63482.16,471,832
63482.16,471,836
63482.16,471,832
63482.17,473,832
63482.17,475,836
63482.17,472,832
63482.17,469,832
63482.17,467,836
63482.17,466,832
63482.17,467,832
63482.17,467,836
63482.17,468,832
63482.17,469,832
63482.17,471,836
63482.17,473,832
63482.17,473,832
63482.17,474,836
63482.17,474,832
63482.17,476,832
63482.19,475,836
63482.19,473,832
63482.19,471,832
63482.19,472,836
63482.19,472,832
63482.19,472,832
63482.19,472,836
63482.19,471,832
63482.19,471,836
63482.19,472,832
63482.19,471,832
63482.19,470,836
63482.19,469,836
63482.19,469,828
63482.19,470,836
63482.19,472,832
63482.2,473,832
63482.2,473,836
63482.2,475,832
63482.2,477,832
63482.2,477,836
63482.2,478,832
63482.2,478,832
63482.2,478,836
63482.2,478,832
63482.2,477,832
63482.2,476,836
63482.2,476,832
63482.2,477,832
63482.2,478,836
63482.2,478,832
63482.2,476,832
63482.21,475,836
63482.21,478,832
63482.21,480,832
63482.21,480,836
63482.21,479,832
63482.21,480,832
63482.21,479,836
63482.21,480,832
63482.21,481,832
63482.21,480,836
63482.21,481,832
63482.21,482,836
63482.21,483,832
63482.21,483,832
63482.21,482,836
63482.21,483,832
63482.23,482,832
63482.23,481,836
63482.23,478,832
63482.23,475,832
63482.23,477,836
63482.23,479,832
63482.23,480,832
63482.23,481,836
63482.23,481,832
63482.23,484,832
63482.23,486,836
63482.23,486,832
63482.23,484,832
63482.23,482,836
63482.23,482,832
63482.23,483,832
63482.24,483,836
63482.24,483,832
63482.24,482,832
63482.24,482,836
63482.24,483,832
63482.24,483,832
63482.24,481,836
63482.24,481,832
63482.24,482,836
63482.24,482,832
63482.24,482,832
63482.24,480,836
63482.24,479,832
63482.24,480,832
63482.24,481,836
63482.24,480,832
63482.25,478,832
63482.25,478,836
63482.25,476,832
63482.25,475,832
63482.25,475,836
63482.25,471,832
63482.25,469,832
63482.25,468,836
63482.25,467,832
63482.25,466,832
63482.25,466,836
63482.25,466,832
63482.25,467,832
63482.25,468,836
63482.25,470,832
63482.25,469,832
63482.26,474,836
63482.26,475,832
63482.26,475,832
63482.26,474,836
63482.26,473,832
63482.26,473,832
63482.26,474,836
63482.26,475,832
63482.26,475,836
63482.26,474,832
63482.26,475,832
63482.26,477,836
63482.26,478,832
63482.26,476,832
63482.26,473,836
63482.26,470,832
63482.28,470,832
63482.28,471,836
63482.28,470,832
63482.28,471,832
63482.28,474,836
63482.28,475,832
63482.28,475,832
63482.28,474,836
63482.28,474,832
63482.28,474,832
63482.28,474,836
63482.28,474,832
63482.28,471,832
63482.28,470,836
63482.28,472,832
63482.28,472,832
63482.29,472,836
63482.29,470,832
63482.29,471,832
63482.29,473,836
63482.29,474,832
63482.29,474,832
63482.29,473,836
63482.29,474,832
63482.29,474,836
63482.29,476,832
63482.29,475,832
63482.29,473,836
63482.29,471,832
63482.29,472,832
63482.29,473,836
63482.29,473,832
63482.3,474,832
63482.3,477,836
63482.3,479,832
63482.3,479,832
63482.3,476,836
63482.3,476,832
63482.3,477,832
63482.3,480,836
63482.3,481,832
63482.3,481,832
63482.3,480,836
63482.3,480,832
63482.3,480,832
63482.3,481,836
63482.3,479,832
63482.3,479,832